ISO-10303-21;
HEADER;
FILE_DESCRIPTION(('FreeCAD Model'),'2;1');
FILE_NAME('Open CASCADE Shape Model','2025-06-30T01:23:33',(''),(''),
  'Open CASCADE STEP processor 7.8','FreeCAD','Unknown');
FILE_SCHEMA(('AUTOMOTIVE_DESIGN { 1 0 10303 214 1 1 1 1 }'));
ENDSEC;
DATA;
#1 = APPLICATION_PROTOCOL_DEFINITION('international standard',
  'automotive_design',2000,#2);
#2 = APPLICATION_CONTEXT(
  'core data for automotive mechanical design processes');
#3 = SHAPE_DEFINITION_REPRESENTATION(#4,#10);
#4 = PRODUCT_DEFINITION_SHAPE('','',#5);
#5 = PRODUCT_DEFINITION('design','',#6,#9);
#6 = PRODUCT_DEFINITION_FORMATION('','',#7);
#7 = PRODUCT('Scale001','Scale001','',(#8));
#8 = PRODUCT_CONTEXT('',#2,'mechanical');
#9 = PRODUCT_DEFINITION_CONTEXT('part definition',#2,'design');
#10 = ADVANCED_BREP_SHAPE_REPRESENTATION('',(#11,#15),#1784);
#11 = AXIS2_PLACEMENT_3D('',#12,#13,#14);
#12 = CARTESIAN_POINT('',(0.,0.,0.));
#13 = DIRECTION('',(0.,0.,1.));
#14 = DIRECTION('',(1.,0.,-0.));
#15 = MANIFOLD_SOLID_BREP('',#16);
#16 = CLOSED_SHELL('',(#17,#172,#613,#651,#682,#713,#751,#776,#840,#858,
    #882,#915,#940,#972,#1003,#1053,#1079,#1112,#1145,#1175,#1206,#1238,
    #1256,#1294,#1346,#1364,#1425,#1459,#1477,#1510,#1540,#1558,#1589,
    #1598,#1620,#1638,#1655,#1672,#1707,#1725,#1737,#1755));
#17 = ADVANCED_FACE('',(#18,#131),#167,.T.);
#18 = FACE_BOUND('',#19,.F.);
#19 = EDGE_LOOP('',(#20));
#20 = ORIENTED_EDGE('',*,*,#21,.T.);
#21 = EDGE_CURVE('',#22,#22,#24,.T.);
#22 = VERTEX_POINT('',#23);
#23 = CARTESIAN_POINT('',(2.15067456466,-3.815959884904,-3.3E-15));
#24 = ( BOUNDED_CURVE() B_SPLINE_CURVE(14,(#25,#26,#27,#28,#29,#30,#31,
    #32,#33,#34,#35,#36,#37,#38,#39,#40,#41,#42,#43,#44,#45,#46,#47,#48,
    #49,#50,#51,#52,#53,#54,#55,#56,#57,#58,#59,#60,#61,#62,#63,#64,#65,
    #66,#67,#68,#69,#70,#71,#72,#73,#74,#75,#76,#77,#78,#79,#80,#81,#82,
    #83,#84,#85,#86,#87,#88,#89,#90,#91,#92,#93,#94,#95,#96,#97,#98,#99,
    #100,#101,#102,#103,#104,#105,#106,#107,#108,#109,#110,#111,#112,
    #113,#114,#115,#116,#117,#118,#119,#120,#121,#122,#123,#124,#125,
    #126,#127,#128,#129,#130),.UNSPECIFIED.,.T.,.F.) 
B_SPLINE_CURVE_WITH_KNOTS((15,13,13,13,13,13,13,13,15),(1.43E-15,
    8.912847147098,12.585737873207,16.859603289284,21.491302330235,
    26.123001389721,30.39686684011,34.069757595708,42.982604814346),
.UNSPECIFIED.) CURVE() GEOMETRIC_REPRESENTATION_ITEM() 
RATIONAL_B_SPLINE_CURVE((1.,1.,0.999999999999,1.000000000004,
    0.999999999993,1.000000000012,0.999999999985,1.000000000016,
    0.999999999987,1.00000000001,0.999999999994,1.000000000003,
    0.999999999999,1.,1.,1.000000000002,0.999999999995,1.00000000001,
    0.999999999986,1.000000000017,0.999999999984,1.000000000012,
    0.999999999992,1.000000000004,0.999999999999,1.,1.,1.,1.000000000003
    ,0.999999999992,1.000000000017,0.999999999971,1.000000000038,
    0.999999999959,1.000000000036,0.999999999974,1.000000000015,
    0.999999999993,1.000000000002,1.,1.,0.999999999999,1.000000000003,
    0.999999999995,1.000000000008,0.999999999989,1.000000000011,
    0.99999999999,1.000000000007,0.999999999997,1.000000000001,1.,1.,1.,
    0.999999999998,1.000000000005,0.999999999989,1.000000000019,
    0.999999999975,1.000000000027,0.999999999976,1.000000000017,
    0.999999999991,1.000000000004,0.999999999999,1.,1.000000000001,
    0.999999999995,1.000000000014,0.999999999971,1.000000000046,
    0.999999999942,1.000000000061,0.999999999948,1.000000000036,
    0.999999999979,1.000000000009,0.999999999997,1.000000000001,1.,
    1.000000000001,0.999999999997,1.000000000006,0.99999999999,
    1.000000000012,0.999999999988,1.000000000009,0.999999999994,
    1.000000000003,0.999999999999,1.,1.,1.,1.000000000001,0.999999999996
    ,1.000000000009,0.999999999986,1.000000000017,0.999999999983,
    1.000000000015,0.99999999999,1.000000000006,0.999999999997,
1.000000000001,1.,1.)) REPRESENTATION_ITEM('') );
#25 = CARTESIAN_POINT('',(2.15067456466,-3.815959884904,-3.198E-15));
#26 = CARTESIAN_POINT('',(2.15067456466,-3.815959884904,0.173924297159)
  );
#27 = CARTESIAN_POINT('',(2.136140796253,-3.820253199833,0.347711586153)
  );
#28 = CARTESIAN_POINT('',(2.106619812871,-3.828909294156,0.520780521956)
  );
#29 = CARTESIAN_POINT('',(2.06507769027,-3.841283053321,0.691565082531)
  );
#30 = CARTESIAN_POINT('',(1.998821329825,-3.859581286798,0.865403931457)
  );
#31 = CARTESIAN_POINT('',(1.942702948718,-3.87638183791,1.018564483046)
  );
#32 = CARTESIAN_POINT('',(1.822691740047,-3.906957982413,1.208402354308)
  );
#33 = CARTESIAN_POINT('',(1.751861511944,-3.925493403855,1.328368597399)
  );
#34 = CARTESIAN_POINT('',(1.600782315672,-3.961154630273,1.513078745273)
  );
#35 = CARTESIAN_POINT('',(1.471386593643,-3.988404920178,1.639069286169)
  );
#36 = CARTESIAN_POINT('',(1.303406716434,-4.020568885495,1.779213208406)
  );
#37 = CARTESIAN_POINT('',(1.121367266283,-4.049899803764,1.896627128839)
  );
#38 = CARTESIAN_POINT('',(0.917943437491,-4.076416582524,1.997551768191)
  );
#39 = CARTESIAN_POINT('',(0.603339913795,-4.106600823182,2.107185933156)
  );
#40 = CARTESIAN_POINT('',(0.508210233151,-4.114542635268,2.135261724221)
  );
#41 = CARTESIAN_POINT('',(0.410220221353,-4.12143932503,2.158934386947)
  );
#42 = CARTESIAN_POINT('',(0.309877999983,-4.127129773412,2.177797070042)
  );
#43 = CARTESIAN_POINT('',(0.207731141578,-4.131478647111,2.191526253935)
  );
#44 = CARTESIAN_POINT('',(0.104356829234,-4.134383137217,2.19988629308)
  );
#45 = CARTESIAN_POINT('',(3.521143845688E-04,-4.135777811522,
    2.202732743184));
#46 = CARTESIAN_POINT('',(-0.103675727178,-4.135637580507,2.200014473927
    ));
#47 = CARTESIAN_POINT('',(-0.207118741264,-4.133978776968,2.191774566359
    ));
#48 = CARTESIAN_POINT('',(-0.309377742836,-4.130858349346,2.178149995986
    ));
#49 = CARTESIAN_POINT('',(-0.409871665661,-4.126371168687,2.159370100448
    ));
#50 = CARTESIAN_POINT('',(-0.508046813522,-4.120645449296,2.135753832821
    ));
#51 = CARTESIAN_POINT('',(-0.603386013468,-4.11383628304,2.107705799711)
  );
#52 = CARTESIAN_POINT('',(-0.80250795645,-4.097135275261,2.038481252364)
  );
#53 = CARTESIAN_POINT('',(-0.905119374989,-4.086920841592,1.995905291519
    ));
#54 = CARTESIAN_POINT('',(-1.003166324944,-4.075694779103,1.948522032353
    ));
#55 = CARTESIAN_POINT('',(-1.096603846607,-4.063668146109,1.896825135495
    ));
#56 = CARTESIAN_POINT('',(-1.185420424596,-4.051040397745,1.841268020383
    ));
#57 = CARTESIAN_POINT('',(-1.269631678862,-4.037997874579,1.782267850501
    ));
#58 = CARTESIAN_POINT('',(-1.349274943022,-4.024712648609,1.720208575146
    ));
#59 = CARTESIAN_POINT('',(-1.424404731526,-4.011341726598,1.655443028402
    ));
#60 = CARTESIAN_POINT('',(-1.495089093861,-3.998026610757,1.588294084238
    ));
#61 = CARTESIAN_POINT('',(-1.561406857617,-3.984893216808,1.519054869179
    ));
#62 = CARTESIAN_POINT('',(-1.623445758822,-3.972052149365,1.447988030911
    ));
#63 = CARTESIAN_POINT('',(-1.681301460743,-3.959599334706,1.375324064398
    ));
#64 = CARTESIAN_POINT('',(-1.735077460385,-3.947617010868,1.301258694215
    ));
#65 = CARTESIAN_POINT('',(-1.838864565462,-3.92377515194,1.144334581161)
  );
#66 = CARTESIAN_POINT('',(-1.888210241194,-3.912004729684,1.061223145211
    ));
#67 = CARTESIAN_POINT('',(-1.933056326867,-3.90094953299,0.976790639226)
  );
#68 = CARTESIAN_POINT('',(-1.973518882834,-3.890685721548,0.891199056411
    ));
#69 = CARTESIAN_POINT('',(-2.009697742422,-3.881280261556,0.804598033653
    ));
#70 = CARTESIAN_POINT('',(-2.041677641128,-3.872791297138,0.717126135084
    ));
#71 = CARTESIAN_POINT('',(-2.069529345803,-3.865268521819,0.628912135636
    ));
#72 = CARTESIAN_POINT('',(-2.09331078385,-3.858753549923,0.540076304593)
  );
#73 = CARTESIAN_POINT('',(-2.113068172423,-3.853280288068,0.45073168917)
  );
#74 = CARTESIAN_POINT('',(-2.128837147589,-3.848875306551,0.360985398034
    ));
#75 = CARTESIAN_POINT('',(-2.140643893565,-3.845558210842,0.270939884905
    ));
#76 = CARTESIAN_POINT('',(-2.148506271865,-3.843342012985,0.180694232075
    ));
#77 = CARTESIAN_POINT('',(-2.152434950523,-3.842233503066,
    9.034543399389E-02));
#78 = CARTESIAN_POINT('',(-2.152434116015,-3.842233738218,
    -9.036607273477E-02));
#79 = CARTESIAN_POINT('',(-2.148502980248,-3.843342952217,
    -0.180725935763));
#80 = CARTESIAN_POINT('',(-2.140637481509,-3.845560027173,
    -0.270984915876));
#81 = CARTESIAN_POINT('',(-2.128827702616,-3.848877951253,
    -0.361040497287));
#82 = CARTESIAN_POINT('',(-2.113056333805,-3.853283558586,-0.45079080398
    ));
#83 = CARTESIAN_POINT('',(-2.093297553069,-3.858757151565,
    -0.540132762857));
#84 = CARTESIAN_POINT('',(-2.069515906147,-3.8652721232,-0.628960266846)
  );
#85 = CARTESIAN_POINT('',(-2.041665187024,-3.872794579386,
    -0.717162338163));
#86 = CARTESIAN_POINT('',(-2.009687317793,-3.881282961284,
    -0.804621291258));
#87 = CARTESIAN_POINT('',(-1.973511229204,-3.890687667582,
    -0.891210896232));
#88 = CARTESIAN_POINT('',(-1.933051740578,-3.900950676861,
    -0.976794541699));
#89 = CARTESIAN_POINT('',(-1.888208440222,-3.912005169883,
    -1.061223398182));
#90 = CARTESIAN_POINT('',(-1.838864565509,-3.923775151929,
    -1.144334581084));
#91 = CARTESIAN_POINT('',(-1.735077460217,-3.947617010907,
    -1.301258694475));
#92 = CARTESIAN_POINT('',(-1.681301460518,-3.959599334755,
    -1.375324064696));
#93 = CARTESIAN_POINT('',(-1.623445758615,-3.972052149407,
    -1.447988031145));
#94 = CARTESIAN_POINT('',(-1.56140685747,-3.984893216835,-1.519054869307
    ));
#95 = CARTESIAN_POINT('',(-1.495089093769,-3.998026610774,
    -1.588294084311));
#96 = CARTESIAN_POINT('',(-1.424404731473,-4.011341726604,
    -1.655443028422));
#97 = CARTESIAN_POINT('',(-1.349274943018,-4.024712648611,
    -1.720208575156));
#98 = CARTESIAN_POINT('',(-1.26963167884,-4.03799787458,-1.782267850512)
  );
#99 = CARTESIAN_POINT('',(-1.185420424617,-4.051040397743,
    -1.841268020383));
#100 = CARTESIAN_POINT('',(-1.096603846593,-4.063668146111,
    -1.896825135502));
#101 = CARTESIAN_POINT('',(-1.00316632495,-4.075694779102,
    -1.948522032346));
#102 = CARTESIAN_POINT('',(-0.905119374984,-4.086920841592,
    -1.995905291515));
#103 = CARTESIAN_POINT('',(-0.80250795645,-4.097135275261,
    -2.038481252364));
#104 = CARTESIAN_POINT('',(-0.603386013467,-4.11383628304,
    -2.107705799711));
#105 = CARTESIAN_POINT('',(-0.508046813523,-4.120645449296,
    -2.13575383282));
#106 = CARTESIAN_POINT('',(-0.409871665658,-4.126371168687,
    -2.159370100448));
#107 = CARTESIAN_POINT('',(-0.309377742841,-4.130858349346,
    -2.178149995987));
#108 = CARTESIAN_POINT('',(-0.207118741256,-4.133978776968,
    -2.191774566356));
#109 = CARTESIAN_POINT('',(-0.103675727188,-4.135637580507,
    -2.200014473932));
#110 = CARTESIAN_POINT('',(3.521143949486E-04,-4.135777811522,
    -2.202732743176));
#111 = CARTESIAN_POINT('',(0.104356829225,-4.134383137217,
    -2.199886293088));
#112 = CARTESIAN_POINT('',(0.207731141584,-4.131478647111,
    -2.191526253929));
#113 = CARTESIAN_POINT('',(0.30987799998,-4.127129773412,-2.177797070047
    ));
#114 = CARTESIAN_POINT('',(0.410220221354,-4.121439325029,
    -2.158934386945));
#115 = CARTESIAN_POINT('',(0.508210233152,-4.114542635268,
    -2.135261724222));
#116 = CARTESIAN_POINT('',(0.603339913795,-4.106600823182,
    -2.107185933156));
#117 = CARTESIAN_POINT('',(0.91794343749,-4.076416582524,-1.997551768192
    ));
#118 = CARTESIAN_POINT('',(1.121367266283,-4.049899803764,
    -1.896627128836));
#119 = CARTESIAN_POINT('',(1.303406716438,-4.020568885495,
    -1.779213208413));
#120 = CARTESIAN_POINT('',(1.471386593629,-3.988404920179,-1.63906928616
    ));
#121 = CARTESIAN_POINT('',(1.6007823157,-3.96115463027,-1.513078745284)
  );
#122 = CARTESIAN_POINT('',(1.751861511903,-3.92549340386,-1.328368597383
    ));
#123 = CARTESIAN_POINT('',(1.822691740084,-3.90695798241,-1.208402354342
    ));
#124 = CARTESIAN_POINT('',(1.94270294869,-3.876381837911,-1.018564483006
    ));
#125 = CARTESIAN_POINT('',(1.998821329842,-3.859581286798,
    -0.865403931491));
#126 = CARTESIAN_POINT('',(2.065077690259,-3.841283053321,
    -0.691565082514));
#127 = CARTESIAN_POINT('',(2.106619812878,-3.828909294156,
    -0.520780521961));
#128 = CARTESIAN_POINT('',(2.13614079625,-3.820253199834,-0.347711586153
    ));
#129 = CARTESIAN_POINT('',(2.15067456466,-3.815959884903,-0.173924297159
    ));
#130 = CARTESIAN_POINT('',(2.15067456466,-3.815959884904,-3.198E-15));
#131 = FACE_BOUND('',#132,.F.);
#132 = EDGE_LOOP('',(#133,#144,#152,#161));
#133 = ORIENTED_EDGE('',*,*,#134,.T.);
#134 = EDGE_CURVE('',#135,#137,#139,.T.);
#135 = VERTEX_POINT('',#136);
#136 = CARTESIAN_POINT('',(-7.810872608885,3.711490319239,2.7592272));
#137 = VERTEX_POINT('',#138);
#138 = CARTESIAN_POINT('',(7.7180067,3.551642711404,2.7592272));
#139 = CIRCLE('',#140,7.764850994186);
#140 = AXIS2_PLACEMENT_3D('',#141,#142,#143);
#141 = CARTESIAN_POINT('',(-4.643296828565E-02,3.631565170481,2.7592272)
  );
#142 = DIRECTION('',(0.,-0.,1.));
#143 = DIRECTION('',(0.999995415998,3.027867711382E-03,0.));
#144 = ORIENTED_EDGE('',*,*,#145,.T.);
#145 = EDGE_CURVE('',#137,#146,#148,.T.);
#146 = VERTEX_POINT('',#147);
#147 = CARTESIAN_POINT('',(7.7180067,3.551642711404,-2.7110214));
#148 = LINE('',#149,#150);
#149 = CARTESIAN_POINT('',(7.7180067,3.551642711404,2.7592272));
#150 = VECTOR('',#151,1.);
#151 = DIRECTION('',(0.,0.,-1.));
#152 = ORIENTED_EDGE('',*,*,#153,.F.);
#153 = EDGE_CURVE('',#154,#146,#156,.T.);
#154 = VERTEX_POINT('',#155);
#155 = CARTESIAN_POINT('',(-7.810872608885,3.711490319239,-2.7110214));
#156 = CIRCLE('',#157,7.764850994186);
#157 = AXIS2_PLACEMENT_3D('',#158,#159,#160);
#158 = CARTESIAN_POINT('',(-4.643296828565E-02,3.631565170481,-2.7110214
    ));
#159 = DIRECTION('',(0.,-0.,1.));
#160 = DIRECTION('',(0.999995415998,3.027867711382E-03,0.));
#161 = ORIENTED_EDGE('',*,*,#162,.F.);
#162 = EDGE_CURVE('',#135,#154,#163,.T.);
#163 = LINE('',#164,#165);
#164 = CARTESIAN_POINT('',(-7.810872608885,3.711490319239,2.7592272));
#165 = VECTOR('',#166,1.);
#166 = DIRECTION('',(0.,-2.2E-16,-1.));
#167 = CYLINDRICAL_SURFACE('',#168,7.764850994186);
#168 = AXIS2_PLACEMENT_3D('',#169,#170,#171);
#169 = CARTESIAN_POINT('',(-4.643296828565E-02,3.631565170481,2.7592272)
  );
#170 = DIRECTION('',(0.,0.,-1.));
#171 = DIRECTION('',(0.999995415998,3.027867711382E-03,0.));
#172 = ADVANCED_FACE('',(#173),#294,.F.);
#173 = FACE_BOUND('',#174,.F.);
#174 = EDGE_LOOP('',(#175,#183,#292,#293));
#175 = ORIENTED_EDGE('',*,*,#176,.T.);
#176 = EDGE_CURVE('',#22,#177,#179,.T.);
#177 = VERTEX_POINT('',#178);
#178 = CARTESIAN_POINT('',(2.043117894247,-3.959829839284,-2.7E-15));
#179 = ( BOUNDED_CURVE() B_SPLINE_CURVE(2,(#180,#181,#182),
.UNSPECIFIED.,.F.,.F.) B_SPLINE_CURVE_WITH_KNOTS((3,3),(0.,
42.982604814346),.PIECEWISE_BEZIER_KNOTS.) CURVE() 
GEOMETRIC_REPRESENTATION_ITEM() RATIONAL_B_SPLINE_CURVE((1.,
0.800923070769,1.)) REPRESENTATION_ITEM('') );
#180 = CARTESIAN_POINT('',(2.15067456466,-3.815959884904,-3.198E-15));
#181 = CARTESIAN_POINT('',(2.043117894247,-3.84769036839,-2.811E-15));
#182 = CARTESIAN_POINT('',(2.043117894247,-3.959829839284,-2.814E-15));
#183 = ORIENTED_EDGE('',*,*,#184,.T.);
#184 = EDGE_CURVE('',#177,#177,#185,.T.);
#185 = ( BOUNDED_CURVE() B_SPLINE_CURVE(14,(#186,#187,#188,#189,#190,
    #191,#192,#193,#194,#195,#196,#197,#198,#199,#200,#201,#202,#203,
    #204,#205,#206,#207,#208,#209,#210,#211,#212,#213,#214,#215,#216,
    #217,#218,#219,#220,#221,#222,#223,#224,#225,#226,#227,#228,#229,
    #230,#231,#232,#233,#234,#235,#236,#237,#238,#239,#240,#241,#242,
    #243,#244,#245,#246,#247,#248,#249,#250,#251,#252,#253,#254,#255,
    #256,#257,#258,#259,#260,#261,#262,#263,#264,#265,#266,#267,#268,
    #269,#270,#271,#272,#273,#274,#275,#276,#277,#278,#279,#280,#281,
    #282,#283,#284,#285,#286,#287,#288,#289,#290,#291),.UNSPECIFIED.,.T.
,.F.) B_SPLINE_CURVE_WITH_KNOTS((15,13,13,13,13,13,13,13,15),(1.43E-15,
    8.912847147098,12.585737873207,16.859603289284,21.491302330235,
    26.123001389721,30.39686684011,34.069757595708,42.982604814346),
.UNSPECIFIED.) CURVE() GEOMETRIC_REPRESENTATION_ITEM() 
RATIONAL_B_SPLINE_CURVE((1.,1.,0.999999999999,1.000000000004,
    0.999999999993,1.000000000012,0.999999999985,1.000000000016,
    0.999999999987,1.00000000001,0.999999999994,1.000000000003,
    0.999999999999,1.,1.,1.000000000002,0.999999999995,1.00000000001,
    0.999999999986,1.000000000017,0.999999999984,1.000000000012,
    0.999999999992,1.000000000004,0.999999999999,1.,1.,1.,1.000000000003
    ,0.999999999992,1.000000000017,0.999999999971,1.000000000038,
    0.999999999959,1.000000000036,0.999999999974,1.000000000015,
    0.999999999993,1.000000000002,1.,1.,0.999999999999,1.000000000003,
    0.999999999995,1.000000000008,0.999999999989,1.000000000011,
    0.99999999999,1.000000000007,0.999999999997,1.000000000001,1.,1.,1.,
    0.999999999998,1.000000000005,0.999999999989,1.000000000019,
    0.999999999975,1.000000000027,0.999999999976,1.000000000017,
    0.999999999991,1.000000000004,0.999999999999,1.,1.000000000001,
    0.999999999995,1.000000000014,0.999999999971,1.000000000046,
    0.999999999942,1.000000000061,0.999999999948,1.000000000036,
    0.999999999979,1.000000000009,0.999999999997,1.000000000001,1.,
    1.000000000001,0.999999999997,1.000000000006,0.99999999999,
    1.000000000012,0.999999999988,1.000000000009,0.999999999994,
    1.000000000003,0.999999999999,1.,1.,1.,1.000000000001,0.999999999996
    ,1.000000000009,0.999999999986,1.000000000017,0.999999999983,
    1.000000000015,0.99999999999,1.000000000006,0.999999999997,
1.000000000001,1.,1.)) REPRESENTATION_ITEM('') );
#186 = CARTESIAN_POINT('',(2.043117894247,-3.959829839284,-2.814E-15));
#187 = CARTESIAN_POINT('',(2.043117894247,-3.959829839284,0.162023257527
    ));
#188 = CARTESIAN_POINT('',(2.02929985054,-3.964209682342,0.323932440218)
  );
#189 = CARTESIAN_POINT('',(2.00144459256,-3.972995107119,0.484998951789)
  );
#190 = CARTESIAN_POINT('',(1.961118390853,-3.985800976994,0.644977511255
    ));
#191 = CARTESIAN_POINT('',(1.901006176431,-4.003823921695,0.803906824793
    ));
#192 = CARTESIAN_POINT('',(1.84153578734,-4.022362610317,0.953703828585)
  );
#193 = CARTESIAN_POINT('',(1.737252637188,-4.051283585405,1.11880102436)
  );
#194 = CARTESIAN_POINT('',(1.659251065435,-4.072700844692,1.244142899966
    ));
#195 = CARTESIAN_POINT('',(1.524198342295,-4.107055050691,1.405258489764
    ));
#196 = CARTESIAN_POINT('',(1.396773218393,-4.135925762967,1.528744694282
    ));
#197 = CARTESIAN_POINT('',(1.238926038877,-4.168307877536,1.657015148326
    ));
#198 = CARTESIAN_POINT('',(1.065676093736,-4.198297974883,1.766938434591
    ));
#199 = CARTESIAN_POINT('',(0.872571528259,-4.225314526648,1.860898501117
    ));
#200 = CARTESIAN_POINT('',(0.573819457536,-4.256082780145,1.963046549737
    ));
#201 = CARTESIAN_POINT('',(0.483487206678,-4.264177883623,1.98920420447)
  );
#202 = CARTESIAN_POINT('',(0.390439660995,-4.271207725429,2.011259916862
    ));
#203 = CARTESIAN_POINT('',(0.295157607636,-4.27700826927,2.028835210109)
  );
#204 = CARTESIAN_POINT('',(0.198160421422,-4.281441604849,2.04162865583)
  );
#205 = CARTESIAN_POINT('',(9.999629595787E-02,-4.284402890796,
    2.049420415264));
#206 = CARTESIAN_POINT('',(1.232643636041E-03,-4.285825356672,
    2.052075569633));
#207 = CARTESIAN_POINT('',(-9.755333531759E-02,-4.285683363894,
    2.049546240775));
#208 = CARTESIAN_POINT('',(-0.195783915078,-4.283993525785,
    2.041872500544));
#209 = CARTESIAN_POINT('',(-0.292889937234,-4.280813886517,
    2.029182070759));
#210 = CARTESIAN_POINT('',(-0.388319735195,-4.276241159175,
    2.011688811873));
#211 = CARTESIAN_POINT('',(-0.481547889374,-4.270406022752,1.98969000198
    ));
#212 = CARTESIAN_POINT('',(-0.572083813664,-4.263466478202,
    1.963562404928));
#213 = CARTESIAN_POINT('',(-0.761176712395,-4.246444780173,
    1.899074980054));
#214 = CARTESIAN_POINT('',(-0.858619111354,-4.236033948959,
    1.859411514945));
#215 = CARTESIAN_POINT('',(-0.951726618148,-4.224591925679,
    1.815270458152));
#216 = CARTESIAN_POINT('',(-1.040457281359,-4.212333725425,
    1.767111332233));
#217 = CARTESIAN_POINT('',(-1.124800727158,-4.199462484996,1.71535540485
    ));
#218 = CARTESIAN_POINT('',(-1.204771931617,-4.186168037813,
    1.660390368401));
#219 = CARTESIAN_POINT('',(-1.280405987909,-4.172625801288,
    1.602573752163));
#220 = CARTESIAN_POINT('',(-1.35175386817,-4.158995976701,1.542235066124
    ));
#221 = CARTESIAN_POINT('',(-1.4188791806,-4.145423061478,1.479676677518)
  );
#222 = CARTESIAN_POINT('',(-1.481855920841,-4.132035674027,
    1.415173418997));
#223 = CARTESIAN_POINT('',(-1.540767218855,-4.118946690943,
    1.348970929403));
#224 = CARTESIAN_POINT('',(-1.595705080052,-4.10625369678,1.281282726393
    ));
#225 = CARTESIAN_POINT('',(-1.646771121719,-4.094039746207,
    1.212286011408));
#226 = CARTESIAN_POINT('',(-1.74534632712,-4.069732441723,1.066071365469
    ));
#227 = CARTESIAN_POINT('',(-1.792206599216,-4.057733957986,
    0.988643927168));
#228 = CARTESIAN_POINT('',(-1.834790428983,-4.04646532092,0.909990990109
    ));
#229 = CARTESIAN_POINT('',(-1.873211064143,-4.036003476081,
    0.830259112045));
#230 = CARTESIAN_POINT('',(-1.907565027727,-4.02641629925,0.749585149144
    ));
#231 = CARTESIAN_POINT('',(-1.937933454438,-4.017762914526,
    0.668097094937));
#232 = CARTESIAN_POINT('',(-1.964383426869,-4.010094012432,
    0.585914919299));
#233 = CARTESIAN_POINT('',(-1.986969311916,-4.003452168011,
    0.503151407357));
#234 = CARTESIAN_POINT('',(-2.005734096959,-3.997872158933,
    0.419912998519));
#235 = CARTESIAN_POINT('',(-2.020710726284,-3.993381283585,0.33630062534
    ));
#236 = CARTESIAN_POINT('',(-2.031923437285,-3.989999679184,0.25241055257
    ));
#237 = CARTESIAN_POINT('',(-2.039389096842,-3.987740639869,
    0.168335216035));
#238 = CARTESIAN_POINT('',(-2.043118537579,-3.986610934803,
    8.416406164131E-02));
#239 = CARTESIAN_POINT('',(-2.043117250796,-3.986611317752,
    -8.419529336118E-02));
#240 = CARTESIAN_POINT('',(-2.039384623774,-3.98774196842,
    -0.168375881197));
#241 = CARTESIAN_POINT('',(-2.03191552623,-3.990002023949,
    -0.252461419191));
#242 = CARTESIAN_POINT('',(-2.020700164986,-3.993384406105,
    -0.336357369555));
#243 = CARTESIAN_POINT('',(-2.005722204127,-3.997875664381,
    -0.419969122238));
#244 = CARTESIAN_POINT('',(-1.986957528772,-4.003455627604,
    -0.503200500518));
#245 = CARTESIAN_POINT('',(-1.964373008434,-4.010097055576,
    -0.585952266413));
#246 = CARTESIAN_POINT('',(-1.937925261009,-4.017765290672,
    -0.668120626436));
#247 = CARTESIAN_POINT('',(-1.907559415954,-4.026417909487,
    -0.74959573682));
#248 = CARTESIAN_POINT('',(-1.873207878359,-4.036004374435,
    -0.830260209417));
#249 = CARTESIAN_POINT('',(-1.834789092173,-4.046465685383,
    -0.90998761688));
#250 = CARTESIAN_POINT('',(-1.792206304113,-4.05773403127,
    -0.988640998488));
#251 = CARTESIAN_POINT('',(-1.74534632711,-4.069732441725,
    -1.066071365485));
#252 = CARTESIAN_POINT('',(-1.646771121527,-4.094039746254,
    -1.212286011691));
#253 = CARTESIAN_POINT('',(-1.595705079833,-4.106253696831,
    -1.28128272668));
#254 = CARTESIAN_POINT('',(-1.540767218666,-4.118946690984,
    -1.348970929598));
#255 = CARTESIAN_POINT('',(-1.48185592074,-4.132035674049,
    -1.415173419097));
#256 = CARTESIAN_POINT('',(-1.418879180513,-4.145423061491,
    -1.479676677542));
#257 = CARTESIAN_POINT('',(-1.351753868172,-4.158995976704,
    -1.542235066148));
#258 = CARTESIAN_POINT('',(-1.280405987881,-4.172625801288,
    -1.602573752142));
#259 = CARTESIAN_POINT('',(-1.204771931632,-4.186168037814,
    -1.660390368436));
#260 = CARTESIAN_POINT('',(-1.124800727155,-4.199462484994,
    -1.715355404836));
#261 = CARTESIAN_POINT('',(-1.040457281358,-4.212333725426,
    -1.767111332251));
#262 = CARTESIAN_POINT('',(-0.951726618148,-4.224591925678,
    -1.815270458138));
#263 = CARTESIAN_POINT('',(-0.858619111352,-4.236033948959,
    -1.85941151494));
#264 = CARTESIAN_POINT('',(-0.761176712395,-4.246444780173,
    -1.899074980053));
#265 = CARTESIAN_POINT('',(-0.572083813664,-4.263466478202,
    -1.963562404928));
#266 = CARTESIAN_POINT('',(-0.481547889374,-4.270406022752,
    -1.989690001979));
#267 = CARTESIAN_POINT('',(-0.388319735192,-4.276241159174,
    -2.011688811876));
#268 = CARTESIAN_POINT('',(-0.292889937239,-4.280813886519,
    -2.029182070754));
#269 = CARTESIAN_POINT('',(-0.19578391507,-4.283993525781,
    -2.041872500552));
#270 = CARTESIAN_POINT('',(-9.755333532826E-02,-4.285683363899,
    -2.049546240765));
#271 = CARTESIAN_POINT('',(1.232643647268E-03,-4.285825356667,
    -2.052075569644));
#272 = CARTESIAN_POINT('',(9.999629594831E-02,-4.284402890801,
    -2.049420415255));
#273 = CARTESIAN_POINT('',(0.198160421428,-4.281441604845,
    -2.041628655836));
#274 = CARTESIAN_POINT('',(0.295157607633,-4.277008269273,
    -2.028835210105));
#275 = CARTESIAN_POINT('',(0.390439660996,-4.271207725428,
    -2.011259916864));
#276 = CARTESIAN_POINT('',(0.483487206678,-4.264177883623,
    -1.989204204469));
#277 = CARTESIAN_POINT('',(0.573819457536,-4.256082780145,
    -1.963046549737));
#278 = CARTESIAN_POINT('',(0.872571528258,-4.225314526648,
    -1.860898501118));
#279 = CARTESIAN_POINT('',(1.065676093734,-4.198297974883,-1.76693843459
    ));
#280 = CARTESIAN_POINT('',(1.238926038884,-4.168307877537,-1.65701514833
    ));
#281 = CARTESIAN_POINT('',(1.396773218373,-4.135925762967,
    -1.528744694277));
#282 = CARTESIAN_POINT('',(1.52419834233,-4.10705505069,-1.405258489775)
  );
#283 = CARTESIAN_POINT('',(1.659251065388,-4.072700844693,
    -1.244142899942));
#284 = CARTESIAN_POINT('',(1.737252637228,-4.051283585407,-1.11880102441
    ));
#285 = CARTESIAN_POINT('',(1.841535787311,-4.022362610314,
    -0.953703828527));
#286 = CARTESIAN_POINT('',(1.90100617645,-4.003823921699,-0.80390682484)
  );
#287 = CARTESIAN_POINT('',(1.96111839084,-3.985800976993,-0.644977511234
    ));
#288 = CARTESIAN_POINT('',(2.001444592568,-3.972995107119,
    -0.484998951794));
#289 = CARTESIAN_POINT('',(2.029299850536,-3.964209682342,
    -0.323932440218));
#290 = CARTESIAN_POINT('',(2.043117894247,-3.959829839284,
    -0.162023257527));
#291 = CARTESIAN_POINT('',(2.043117894247,-3.959829839284,-3.315E-15));
#292 = ORIENTED_EDGE('',*,*,#176,.F.);
#293 = ORIENTED_EDGE('',*,*,#21,.F.);
#294 = ( BOUNDED_SURFACE() B_SPLINE_SURFACE(2,14,(
    (#295,#296,#297,#298,#299,#300,#301,#302,#303,#304,#305,#306,#307
      ,#308,#309,#310,#311,#312,#313,#314,#315,#316,#317,#318,#319,#320
      ,#321,#322,#323,#324,#325,#326,#327,#328,#329,#330,#331,#332,#333
      ,#334,#335,#336,#337,#338,#339,#340,#341,#342,#343,#344,#345,#346
      ,#347,#348,#349,#350,#351,#352,#353,#354,#355,#356,#357,#358,#359
      ,#360,#361,#362,#363,#364,#365,#366,#367,#368,#369,#370,#371,#372
      ,#373,#374,#375,#376,#377,#378,#379,#380,#381,#382,#383,#384,#385
      ,#386,#387,#388,#389,#390,#391,#392,#393,#394,#395,#396,#397,#398
      ,#399,#400)
    ,(#401,#402,#403,#404,#405,#406,#407,#408,#409,#410,#411,#412,#413
      ,#414,#415,#416,#417,#418,#419,#420,#421,#422,#423,#424,#425,#426
      ,#427,#428,#429,#430,#431,#432,#433,#434,#435,#436,#437,#438,#439
      ,#440,#441,#442,#443,#444,#445,#446,#447,#448,#449,#450,#451,#452
      ,#453,#454,#455,#456,#457,#458,#459,#460,#461,#462,#463,#464,#465
      ,#466,#467,#468,#469,#470,#471,#472,#473,#474,#475,#476,#477,#478
      ,#479,#480,#481,#482,#483,#484,#485,#486,#487,#488,#489,#490,#491
      ,#492,#493,#494,#495,#496,#497,#498,#499,#500,#501,#502,#503,#504
      ,#505,#506)
    ,(#507,#508,#509,#510,#511,#512,#513,#514,#515,#516,#517,#518,#519
      ,#520,#521,#522,#523,#524,#525,#526,#527,#528,#529,#530,#531,#532
      ,#533,#534,#535,#536,#537,#538,#539,#540,#541,#542,#543,#544,#545
      ,#546,#547,#548,#549,#550,#551,#552,#553,#554,#555,#556,#557,#558
      ,#559,#560,#561,#562,#563,#564,#565,#566,#567,#568,#569,#570,#571
      ,#572,#573,#574,#575,#576,#577,#578,#579,#580,#581,#582,#583,#584
      ,#585,#586,#587,#588,#589,#590,#591,#592,#593,#594,#595,#596,#597
      ,#598,#599,#600,#601,#602,#603,#604,#605,#606,#607,#608,#609,#610
      ,#611,#612
)),.UNSPECIFIED.,.F.,.T.,.F.) B_SPLINE_SURFACE_WITH_KNOTS((3,3),(15,13,
    13,13,13,13,13,13,15),(0.,42.982604814346),(1.43E-15,8.912847147098,
    12.585737873207,16.859603289284,21.491302330235,26.123001389721,
    30.39686684011,34.069757595708,42.982604814346),.UNSPECIFIED.) 
GEOMETRIC_REPRESENTATION_ITEM() RATIONAL_B_SPLINE_SURFACE((
    (1.,1.,0.999999999999,1.000000000004,0.999999999993,1.000000000012
      ,0.999999999985,1.000000000016,0.999999999987,1.00000000001
      ,0.999999999994,1.000000000003,0.999999999999,1.,1.,1.000000000002
      ,0.999999999995,1.00000000001,0.999999999986,1.000000000017
      ,0.999999999984,1.000000000012,0.999999999992,1.000000000004
      ,0.999999999999,1.,1.,1.,1.000000000003,0.999999999992
      ,1.000000000017,0.999999999971,1.000000000038,0.999999999959
      ,1.000000000036,0.999999999974,1.000000000015,0.999999999993
      ,1.000000000002,1.,1.,0.999999999999,1.000000000003,0.999999999995
      ,1.000000000008,0.999999999989,1.000000000011,0.99999999999
      ,1.000000000007,0.999999999997,1.000000000001,1.,1.,1.
      ,0.999999999998,1.000000000005,0.999999999989,1.000000000019
      ,0.999999999975,1.000000000027,0.999999999976,1.000000000017
      ,0.999999999991,1.000000000004,0.999999999999,1.,1.000000000001
      ,0.999999999995,1.000000000014,0.999999999971,1.000000000046
      ,0.999999999942,1.000000000061,0.999999999948,1.000000000036
      ,0.999999999979,1.000000000009,0.999999999997,1.000000000001,1.
      ,1.000000000001,0.999999999997,1.000000000006,0.99999999999
      ,1.000000000012,0.999999999988,1.000000000009,0.999999999994
      ,1.000000000003,0.999999999999,1.,1.,1.,1.000000000001
      ,0.999999999996,1.000000000009,0.999999999986,1.000000000017
      ,0.999999999983,1.000000000015,0.99999999999,1.000000000006
      ,0.999999999997,1.000000000001,1.,1.)
    ,(0.800923070769,0.80092307077,0.799740256124,0.797352245213
      ,0.793944494665,0.788829413522,0.784171607616,0.775463058309
      ,0.770133010482,0.759779643462,0.751624401608,0.741909013489
      ,0.732864262756,0.724606944263,0.715187670708,0.712706682592
      ,0.710554673338,0.708788887284,0.707458501021,0.706601367146
      ,0.706241668779,0.706388486107,0.707035273345,0.708160247868
      ,0.709727689865,0.71169015386,0.713991591152,0.719573293447
      ,0.722952385889,0.726629691041,0.730531114256,0.734588164068
      ,0.73873848699,0.74292620795,0.747102078495,0.751223429929
      ,0.755253934606,0.759163172233,0.762926003826,0.766521751414
      ,0.773630243533,0.77711227757,0.780359212415,0.78335384745
      ,0.786081635073,0.788530459753,0.790690417486,0.79255359465
      ,0.794113847622,0.795366581576,0.79630853003,0.796937533811
      ,0.797252320401,0.797252245751,0.796937248476,0.796307989676
      ,0.795365808154,0.794112906694,0.792552575458,0.790689415746
      ,0.788529563219,0.786080911796,0.783353336833,0.78035891895
      ,0.777112167363,0.773630243536,0.766521751403,0.762926003807
      ,0.759163172234,0.755253934569,0.751223429969,0.747102078433
      ,0.742926208013,0.738738486934,0.734588164109,0.730531114232
      ,0.726629691052,0.722952385885,0.719573293448,0.713991591152
      ,0.71169015386,0.709727689865,0.708160247866,0.707035273349
      ,0.706388486101,0.706241668788,0.706601367136,0.70745850103
      ,0.708788887278,0.710554673341,0.712706682591,0.715187670709
      ,0.724606944262,0.732864262758,0.741909013484,0.751624401618
      ,0.759779643447,0.770133010502,0.775463058287,0.784171607636
      ,0.788829413506,0.793944494674,0.797352245208,0.799740256125
      ,0.800923070769,0.800923070769)
    ,(1.,1.,0.999999999999,1.000000000004,0.999999999993,1.000000000012
      ,0.999999999985,1.000000000016,0.999999999987,1.00000000001
      ,0.999999999994,1.000000000003,0.999999999999,1.,1.,1.000000000002
      ,0.999999999995,1.00000000001,0.999999999986,1.000000000017
      ,0.999999999984,1.000000000012,0.999999999992,1.000000000004
      ,0.999999999999,1.,1.,1.,1.000000000003,0.999999999992
      ,1.000000000017,0.999999999971,1.000000000038,0.999999999959
      ,1.000000000036,0.999999999974,1.000000000015,0.999999999993
      ,1.000000000002,1.,1.,0.999999999999,1.000000000003,0.999999999995
      ,1.000000000008,0.999999999989,1.000000000011,0.99999999999
      ,1.000000000007,0.999999999997,1.000000000001,1.,1.,1.
      ,0.999999999998,1.000000000005,0.999999999989,1.000000000019
      ,0.999999999975,1.000000000027,0.999999999976,1.000000000017
      ,0.999999999991,1.000000000004,0.999999999999,1.,1.000000000001
      ,0.999999999995,1.000000000014,0.999999999971,1.000000000046
      ,0.999999999942,1.000000000061,0.999999999948,1.000000000036
      ,0.999999999979,1.000000000009,0.999999999997,1.000000000001,1.
      ,1.000000000001,0.999999999997,1.000000000006,0.99999999999
      ,1.000000000012,0.999999999988,1.000000000009,0.999999999994
      ,1.000000000003,0.999999999999,1.,1.,1.,1.000000000001
      ,0.999999999996,1.000000000009,0.999999999986,1.000000000017
      ,0.999999999983,1.000000000015,0.99999999999,1.000000000006
,0.999999999997,1.000000000001,1.,1.
  ))) REPRESENTATION_ITEM('') SURFACE() );
#295 = CARTESIAN_POINT('',(2.15067456466,-3.815959884904,-3.198E-15));
#296 = CARTESIAN_POINT('',(2.15067456466,-3.815959884904,0.173924297159)
  );
#297 = CARTESIAN_POINT('',(2.136140796253,-3.820253199833,0.347711586153
    ));
#298 = CARTESIAN_POINT('',(2.106619812871,-3.828909294156,0.520780521956
    ));
#299 = CARTESIAN_POINT('',(2.06507769027,-3.841283053321,0.691565082531)
  );
#300 = CARTESIAN_POINT('',(1.998821329825,-3.859581286798,0.865403931457
    ));
#301 = CARTESIAN_POINT('',(1.942702948718,-3.87638183791,1.018564483046)
  );
#302 = CARTESIAN_POINT('',(1.822691740047,-3.906957982413,1.208402354308
    ));
#303 = CARTESIAN_POINT('',(1.751861511944,-3.925493403855,1.328368597399
    ));
#304 = CARTESIAN_POINT('',(1.600782315672,-3.961154630273,1.513078745273
    ));
#305 = CARTESIAN_POINT('',(1.471386593643,-3.988404920178,1.639069286169
    ));
#306 = CARTESIAN_POINT('',(1.303406716434,-4.020568885495,1.779213208406
    ));
#307 = CARTESIAN_POINT('',(1.121367266283,-4.049899803764,1.896627128839
    ));
#308 = CARTESIAN_POINT('',(0.917943437491,-4.076416582524,1.997551768191
    ));
#309 = CARTESIAN_POINT('',(0.603339913795,-4.106600823182,2.107185933156
    ));
#310 = CARTESIAN_POINT('',(0.508210233151,-4.114542635268,2.135261724221
    ));
#311 = CARTESIAN_POINT('',(0.410220221353,-4.12143932503,2.158934386947)
  );
#312 = CARTESIAN_POINT('',(0.309877999983,-4.127129773412,2.177797070042
    ));
#313 = CARTESIAN_POINT('',(0.207731141578,-4.131478647111,2.191526253935
    ));
#314 = CARTESIAN_POINT('',(0.104356829234,-4.134383137217,2.19988629308)
  );
#315 = CARTESIAN_POINT('',(3.521143845688E-04,-4.135777811522,
    2.202732743184));
#316 = CARTESIAN_POINT('',(-0.103675727178,-4.135637580507,
    2.200014473927));
#317 = CARTESIAN_POINT('',(-0.207118741264,-4.133978776968,
    2.191774566359));
#318 = CARTESIAN_POINT('',(-0.309377742836,-4.130858349346,
    2.178149995986));
#319 = CARTESIAN_POINT('',(-0.409871665661,-4.126371168687,
    2.159370100448));
#320 = CARTESIAN_POINT('',(-0.508046813522,-4.120645449296,
    2.135753832821));
#321 = CARTESIAN_POINT('',(-0.603386013468,-4.11383628304,2.107705799711
    ));
#322 = CARTESIAN_POINT('',(-0.80250795645,-4.097135275261,2.038481252364
    ));
#323 = CARTESIAN_POINT('',(-0.905119374989,-4.086920841592,
    1.995905291519));
#324 = CARTESIAN_POINT('',(-1.003166324944,-4.075694779103,
    1.948522032353));
#325 = CARTESIAN_POINT('',(-1.096603846607,-4.063668146109,
    1.896825135495));
#326 = CARTESIAN_POINT('',(-1.185420424596,-4.051040397745,
    1.841268020383));
#327 = CARTESIAN_POINT('',(-1.269631678862,-4.037997874579,
    1.782267850501));
#328 = CARTESIAN_POINT('',(-1.349274943022,-4.024712648609,
    1.720208575146));
#329 = CARTESIAN_POINT('',(-1.424404731526,-4.011341726598,
    1.655443028402));
#330 = CARTESIAN_POINT('',(-1.495089093861,-3.998026610757,
    1.588294084238));
#331 = CARTESIAN_POINT('',(-1.561406857617,-3.984893216808,
    1.519054869179));
#332 = CARTESIAN_POINT('',(-1.623445758822,-3.972052149365,
    1.447988030911));
#333 = CARTESIAN_POINT('',(-1.681301460743,-3.959599334706,
    1.375324064398));
#334 = CARTESIAN_POINT('',(-1.735077460385,-3.947617010868,
    1.301258694215));
#335 = CARTESIAN_POINT('',(-1.838864565462,-3.92377515194,1.144334581161
    ));
#336 = CARTESIAN_POINT('',(-1.888210241194,-3.912004729684,
    1.061223145211));
#337 = CARTESIAN_POINT('',(-1.933056326867,-3.90094953299,0.976790639226
    ));
#338 = CARTESIAN_POINT('',(-1.973518882834,-3.890685721548,
    0.891199056411));
#339 = CARTESIAN_POINT('',(-2.009697742422,-3.881280261556,
    0.804598033653));
#340 = CARTESIAN_POINT('',(-2.041677641128,-3.872791297138,
    0.717126135084));
#341 = CARTESIAN_POINT('',(-2.069529345803,-3.865268521819,
    0.628912135636));
#342 = CARTESIAN_POINT('',(-2.09331078385,-3.858753549923,0.540076304593
    ));
#343 = CARTESIAN_POINT('',(-2.113068172423,-3.853280288068,0.45073168917
    ));
#344 = CARTESIAN_POINT('',(-2.128837147589,-3.848875306551,
    0.360985398034));
#345 = CARTESIAN_POINT('',(-2.140643893565,-3.845558210842,
    0.270939884905));
#346 = CARTESIAN_POINT('',(-2.148506271865,-3.843342012985,
    0.180694232075));
#347 = CARTESIAN_POINT('',(-2.152434950523,-3.842233503066,
    9.034543399389E-02));
#348 = CARTESIAN_POINT('',(-2.152434116015,-3.842233738218,
    -9.036607273477E-02));
#349 = CARTESIAN_POINT('',(-2.148502980248,-3.843342952217,
    -0.180725935763));
#350 = CARTESIAN_POINT('',(-2.140637481509,-3.845560027173,
    -0.270984915876));
#351 = CARTESIAN_POINT('',(-2.128827702616,-3.848877951253,
    -0.361040497287));
#352 = CARTESIAN_POINT('',(-2.113056333805,-3.853283558586,
    -0.45079080398));
#353 = CARTESIAN_POINT('',(-2.093297553069,-3.858757151565,
    -0.540132762857));
#354 = CARTESIAN_POINT('',(-2.069515906147,-3.8652721232,-0.628960266846
    ));
#355 = CARTESIAN_POINT('',(-2.041665187024,-3.872794579386,
    -0.717162338163));
#356 = CARTESIAN_POINT('',(-2.009687317793,-3.881282961284,
    -0.804621291258));
#357 = CARTESIAN_POINT('',(-1.973511229204,-3.890687667582,
    -0.891210896232));
#358 = CARTESIAN_POINT('',(-1.933051740578,-3.900950676861,
    -0.976794541699));
#359 = CARTESIAN_POINT('',(-1.888208440222,-3.912005169883,
    -1.061223398182));
#360 = CARTESIAN_POINT('',(-1.838864565509,-3.923775151929,
    -1.144334581084));
#361 = CARTESIAN_POINT('',(-1.735077460217,-3.947617010907,
    -1.301258694475));
#362 = CARTESIAN_POINT('',(-1.681301460518,-3.959599334755,
    -1.375324064696));
#363 = CARTESIAN_POINT('',(-1.623445758615,-3.972052149407,
    -1.447988031145));
#364 = CARTESIAN_POINT('',(-1.56140685747,-3.984893216835,
    -1.519054869307));
#365 = CARTESIAN_POINT('',(-1.495089093769,-3.998026610774,
    -1.588294084311));
#366 = CARTESIAN_POINT('',(-1.424404731473,-4.011341726604,
    -1.655443028422));
#367 = CARTESIAN_POINT('',(-1.349274943018,-4.024712648611,
    -1.720208575156));
#368 = CARTESIAN_POINT('',(-1.26963167884,-4.03799787458,-1.782267850512
    ));
#369 = CARTESIAN_POINT('',(-1.185420424617,-4.051040397743,
    -1.841268020383));
#370 = CARTESIAN_POINT('',(-1.096603846593,-4.063668146111,
    -1.896825135502));
#371 = CARTESIAN_POINT('',(-1.00316632495,-4.075694779102,
    -1.948522032346));
#372 = CARTESIAN_POINT('',(-0.905119374984,-4.086920841592,
    -1.995905291515));
#373 = CARTESIAN_POINT('',(-0.80250795645,-4.097135275261,
    -2.038481252364));
#374 = CARTESIAN_POINT('',(-0.603386013467,-4.11383628304,
    -2.107705799711));
#375 = CARTESIAN_POINT('',(-0.508046813523,-4.120645449296,
    -2.13575383282));
#376 = CARTESIAN_POINT('',(-0.409871665658,-4.126371168687,
    -2.159370100448));
#377 = CARTESIAN_POINT('',(-0.309377742841,-4.130858349346,
    -2.178149995987));
#378 = CARTESIAN_POINT('',(-0.207118741256,-4.133978776968,
    -2.191774566356));
#379 = CARTESIAN_POINT('',(-0.103675727188,-4.135637580507,
    -2.200014473932));
#380 = CARTESIAN_POINT('',(3.521143949486E-04,-4.135777811522,
    -2.202732743176));
#381 = CARTESIAN_POINT('',(0.104356829225,-4.134383137217,
    -2.199886293088));
#382 = CARTESIAN_POINT('',(0.207731141584,-4.131478647111,
    -2.191526253929));
#383 = CARTESIAN_POINT('',(0.30987799998,-4.127129773412,-2.177797070047
    ));
#384 = CARTESIAN_POINT('',(0.410220221354,-4.121439325029,
    -2.158934386945));
#385 = CARTESIAN_POINT('',(0.508210233152,-4.114542635268,
    -2.135261724222));
#386 = CARTESIAN_POINT('',(0.603339913795,-4.106600823182,
    -2.107185933156));
#387 = CARTESIAN_POINT('',(0.91794343749,-4.076416582524,-1.997551768192
    ));
#388 = CARTESIAN_POINT('',(1.121367266283,-4.049899803764,
    -1.896627128836));
#389 = CARTESIAN_POINT('',(1.303406716438,-4.020568885495,
    -1.779213208413));
#390 = CARTESIAN_POINT('',(1.471386593629,-3.988404920179,-1.63906928616
    ));
#391 = CARTESIAN_POINT('',(1.6007823157,-3.96115463027,-1.513078745284)
  );
#392 = CARTESIAN_POINT('',(1.751861511903,-3.92549340386,-1.328368597383
    ));
#393 = CARTESIAN_POINT('',(1.822691740084,-3.90695798241,-1.208402354342
    ));
#394 = CARTESIAN_POINT('',(1.94270294869,-3.876381837911,-1.018564483006
    ));
#395 = CARTESIAN_POINT('',(1.998821329842,-3.859581286798,
    -0.865403931491));
#396 = CARTESIAN_POINT('',(2.065077690259,-3.841283053321,
    -0.691565082514));
#397 = CARTESIAN_POINT('',(2.106619812878,-3.828909294156,
    -0.520780521961));
#398 = CARTESIAN_POINT('',(2.13614079625,-3.820253199834,-0.347711586153
    ));
#399 = CARTESIAN_POINT('',(2.15067456466,-3.815959884903,-0.173924297159
    ));
#400 = CARTESIAN_POINT('',(2.15067456466,-3.815959884904,-3.198E-15));
#401 = CARTESIAN_POINT('',(2.043117894247,-3.84769036839,-2.811E-15));
#402 = CARTESIAN_POINT('',(2.043117894247,-3.84769036839,0.164546991449)
  );
#403 = CARTESIAN_POINT('',(2.028841846973,-3.851676813928,0.329474402016
    ));
#404 = CARTESIAN_POINT('',(2.000005656938,-3.859686211251,0.49372559647)
  );
#405 = CARTESIAN_POINT('',(1.957812359276,-3.871501335486,0.657334500824
    ));
#406 = CARTESIAN_POINT('',(1.895900119216,-3.887772165787,0.81834514075)
  );
#407 = CARTESIAN_POINT('',(1.832898466596,-3.905182639952,0.972302435422
    ));
#408 = CARTESIAN_POINT('',(1.725788045697,-3.930940977788,1.137388967827
    ));
#409 = CARTESIAN_POINT('',(1.645122162549,-3.950651779785,1.264200618255
    ));
#410 = CARTESIAN_POINT('',(1.505689656694,-3.981345438431,1.425424836527
    ));
#411 = CARTESIAN_POINT('',(1.377097153951,-4.006726923538,1.546208729711
    ));
#412 = CARTESIAN_POINT('',(1.218021580012,-4.034941843013,1.67177537651)
  );
#413 = CARTESIAN_POINT('',(1.046287394748,-4.060626844045,1.777625080087
    ));
#414 = CARTESIAN_POINT('',(0.856515922676,-4.083631428264,1.867804617603
    ));
#415 = CARTESIAN_POINT('',(0.562795399139,-4.109939167543,1.96622445692)
  );
#416 = CARTESIAN_POINT('',(0.473424359774,-4.116897072352,1.991543891749
    ));
#417 = CARTESIAN_POINT('',(0.381671934779,-4.122913923686,2.012783372295
    ));
#418 = CARTESIAN_POINT('',(0.288007764447,-4.127862412533,2.029622969694
    ));
#419 = CARTESIAN_POINT('',(0.192901663199,-4.131640050627,2.041822630724
    ));
#420 = CARTESIAN_POINT('',(9.682713875211E-02,-4.134171057891,
    2.049214758385));
#421 = CARTESIAN_POINT('',(2.617754598455E-04,-4.13540797528,
    2.051699546945));
#422 = CARTESIAN_POINT('',(-9.631450956503E-02,-4.135332765623,
    2.049242500882));
#423 = CARTESIAN_POINT('',(-0.19242216719,-4.133957240306,2.041873771415
    ));
#424 = CARTESIAN_POINT('',(-0.287584416647,-4.131322746006,
    2.029689173526));
#425 = CARTESIAN_POINT('',(-0.38132809113,-4.127499150566,2.012852988532
    ));
#426 = CARTESIAN_POINT('',(-0.473181760845,-4.122583266156,
    1.991602890251));
#427 = CARTESIAN_POINT('',(-0.562670128777,-4.116696928143,
    1.966257544067));
#428 = CARTESIAN_POINT('',(-0.749331117719,-4.102235417883,
    1.903709672528));
#429 = CARTESIAN_POINT('',(-0.845376352238,-4.093400391505,
    1.865343028602));
#430 = CARTESIAN_POINT('',(-0.937431060826,-4.083653047977,
    1.822551194779));
#431 = CARTESIAN_POINT('',(-1.025481308464,-4.073161938661,
    1.775720006672));
#432 = CARTESIAN_POINT('',(-1.109512342317,-4.062089652162,
    1.725206005432));
#433 = CARTESIAN_POINT('',(-1.18951213533,-4.050591719369,1.671343242286
    ));
#434 = CARTESIAN_POINT('',(-1.265474150777,-4.03881573129,1.614448300275
    ));
#435 = CARTESIAN_POINT('',(-1.337399553626,-4.026900582582,
    1.554823366394));
#436 = CARTESIAN_POINT('',(-1.40529906365,-4.014975752277,1.492757200417
    ));
#437 = CARTESIAN_POINT('',(-1.469194614497,-4.003160536601,
    1.428523850765));
#438 = CARTESIAN_POINT('',(-1.529120944986,-3.99156315596,1.36237896486)
  );
#439 = CARTESIAN_POINT('',(-1.585127215677,-3.980279667658,
    1.294553535756));
#440 = CARTESIAN_POINT('',(-1.637278708527,-3.96939262666,1.225244917209
    ));
#441 = CARTESIAN_POINT('',(-1.737607465964,-3.947777370747,
    1.078753961262));
#442 = CARTESIAN_POINT('',(-1.785277869394,-3.937106394949,
    1.001273504866));
#443 = CARTESIAN_POINT('',(-1.828749061766,-3.927043603789,
    0.922329633867));
#444 = CARTESIAN_POINT('',(-1.8680892964,-3.91766729923,0.842082882712)
  );
#445 = CARTESIAN_POINT('',(-1.903356384022,-3.90904732563,0.760688677172
    ));
#446 = CARTESIAN_POINT('',(-1.934598452779,-3.901245324371,
    0.678297724773));
#447 = CARTESIAN_POINT('',(-1.961854911561,-3.894314914186,
    0.595056342539));
#448 = CARTESIAN_POINT('',(-1.985157585418,-3.888301794142,
    0.511106701878));
#449 = CARTESIAN_POINT('',(-2.004531996619,-3.883243768108,0.42658697318
    ));
#450 = CARTESIAN_POINT('',(-2.019998770873,-3.879170691003,
    0.341631355504));
#451 = CARTESIAN_POINT('',(-2.031575150605,-3.876104338175,
    0.256369978507));
#452 = CARTESIAN_POINT('',(-2.039276601632,-3.874058199978,
    0.170928665277));
#453 = CARTESIAN_POINT('',(-2.043118500729,-3.873037204104,
    8.542854603212E-02));
#454 = CARTESIAN_POINT('',(-2.043117287663,-3.873037532752,
    -8.545752787853E-02));
#455 = CARTESIAN_POINT('',(-2.039272275687,-3.874059362211,
    -0.170967430384));
#456 = CARTESIAN_POINT('',(-2.031567376112,-3.876106408317,
    -0.256419606986));
#457 = CARTESIAN_POINT('',(-2.019988220457,-3.879173470914,
    -0.341687743343));
#458 = CARTESIAN_POINT('',(-2.004519887605,-3.883246918266,
    -0.426643701265));
#459 = CARTESIAN_POINT('',(-1.985145304622,-3.888304938667,
    -0.511157275028));
#460 = CARTESIAN_POINT('',(-1.9618437261,-3.894317720566,-0.595095804974
    ));
#461 = CARTESIAN_POINT('',(-1.934589304747,-3.901247558324,
    -0.678323652934));
#462 = CARTESIAN_POINT('',(-1.903349768815,-3.909048881272,
    -0.760701545544));
#463 = CARTESIAN_POINT('',(-1.868085224479,-3.917668204377,
    -0.84208579272));
#464 = CARTESIAN_POINT('',(-1.828747105508,-3.927043999955,
    -0.922327390506));
#465 = CARTESIAN_POINT('',(-1.785277297028,-3.937106491263,
    -1.001271020539));
#466 = CARTESIAN_POINT('',(-1.737607465961,-3.947777370748,
    -1.078753961265));
#467 = CARTESIAN_POINT('',(-1.637278708334,-3.969392626702,
    -1.225244917492));
#468 = CARTESIAN_POINT('',(-1.58512721545,-3.980279667704,
    -1.294553536042));
#469 = CARTESIAN_POINT('',(-1.529120944804,-3.991563155996,
    -1.362378965065));
#470 = CARTESIAN_POINT('',(-1.469194614371,-4.003160536621,
    -1.428523850844));
#471 = CARTESIAN_POINT('',(-1.4052990636,-4.014975752287,-1.492757200473
    ));
#472 = CARTESIAN_POINT('',(-1.337399553579,-4.026900582585,
    -1.554823366369));
#473 = CARTESIAN_POINT('',(-1.265474150803,-4.038815731289,
    -1.614448300306));
#474 = CARTESIAN_POINT('',(-1.189512135299,-4.050591719371,
    -1.671343242272));
#475 = CARTESIAN_POINT('',(-1.109512342345,-4.06208965216,
    -1.725206005457));
#476 = CARTESIAN_POINT('',(-1.025481308444,-4.073161938663,
    -1.775720006667));
#477 = CARTESIAN_POINT('',(-0.937431060835,-4.083653047976,
    -1.822551194776));
#478 = CARTESIAN_POINT('',(-0.845376352233,-4.093400391505,
    -1.865343028592));
#479 = CARTESIAN_POINT('',(-0.74933111772,-4.102235417883,
    -1.903709672528));
#480 = CARTESIAN_POINT('',(-0.562670128777,-4.116696928143,
    -1.966257544067));
#481 = CARTESIAN_POINT('',(-0.473181760846,-4.122583266156,
    -1.991602890252));
#482 = CARTESIAN_POINT('',(-0.381328091127,-4.127499150566,
    -2.012852988529));
#483 = CARTESIAN_POINT('',(-0.287584416652,-4.131322746006,
    -2.029689173532));
#484 = CARTESIAN_POINT('',(-0.192422167182,-4.133957240306,
    -2.041873771405));
#485 = CARTESIAN_POINT('',(-9.631450957442E-02,-4.135332765623,
    -2.049242500896));
#486 = CARTESIAN_POINT('',(2.617754686296E-04,-4.13540797528,
    -2.05169954693));
#487 = CARTESIAN_POINT('',(9.682713874544E-02,-4.134171057891,
    -2.049214758397));
#488 = CARTESIAN_POINT('',(0.192901663203,-4.131640050628,
    -2.041822630716));
#489 = CARTESIAN_POINT('',(0.288007764446,-4.127862412533,
    -2.029622969698));
#490 = CARTESIAN_POINT('',(0.38167193478,-4.122913923686,-2.012783372293
    ));
#491 = CARTESIAN_POINT('',(0.473424359774,-4.116897072352,
    -1.991543891749));
#492 = CARTESIAN_POINT('',(0.56279539914,-4.109939167543,-1.96622445692)
  );
#493 = CARTESIAN_POINT('',(0.856515922676,-4.083631428264,
    -1.867804617604));
#494 = CARTESIAN_POINT('',(1.046287394746,-4.060626844045,
    -1.777625080086));
#495 = CARTESIAN_POINT('',(1.21802158002,-4.034941843012,-1.67177537651)
  );
#496 = CARTESIAN_POINT('',(1.377097153929,-4.00672692354,-1.546208729714
    ));
#497 = CARTESIAN_POINT('',(1.505689656731,-3.981345438428,
    -1.425424836525));
#498 = CARTESIAN_POINT('',(1.645122162504,-3.950651779789,
    -1.264200618247));
#499 = CARTESIAN_POINT('',(1.725788045732,-3.930940977786,
    -1.137388967858));
#500 = CARTESIAN_POINT('',(1.832898466575,-3.905182639952,
    -0.972302435381));
#501 = CARTESIAN_POINT('',(1.895900119227,-3.887772165788,
    -0.818345140783));
#502 = CARTESIAN_POINT('',(1.957812359268,-3.871501335486,
    -0.657334500811));
#503 = CARTESIAN_POINT('',(2.000005656943,-3.859686211251,
    -0.493725596472));
#504 = CARTESIAN_POINT('',(2.02884184697,-3.851676813928,-0.329474402017
    ));
#505 = CARTESIAN_POINT('',(2.043117894247,-3.84769036839,-0.164546991449
    ));
#506 = CARTESIAN_POINT('',(2.043117894247,-3.84769036839,-3.066E-15));
#507 = CARTESIAN_POINT('',(2.043117894247,-3.959829839284,-2.814E-15));
#508 = CARTESIAN_POINT('',(2.043117894247,-3.959829839284,0.162023257527
    ));
#509 = CARTESIAN_POINT('',(2.02929985054,-3.964209682342,0.323932440218)
  );
#510 = CARTESIAN_POINT('',(2.00144459256,-3.972995107119,0.484998951789)
  );
#511 = CARTESIAN_POINT('',(1.961118390853,-3.985800976994,0.644977511255
    ));
#512 = CARTESIAN_POINT('',(1.901006176431,-4.003823921695,0.803906824793
    ));
#513 = CARTESIAN_POINT('',(1.84153578734,-4.022362610317,0.953703828585)
  );
#514 = CARTESIAN_POINT('',(1.737252637188,-4.051283585405,1.11880102436)
  );
#515 = CARTESIAN_POINT('',(1.659251065435,-4.072700844692,1.244142899966
    ));
#516 = CARTESIAN_POINT('',(1.524198342295,-4.107055050691,1.405258489764
    ));
#517 = CARTESIAN_POINT('',(1.396773218393,-4.135925762967,1.528744694282
    ));
#518 = CARTESIAN_POINT('',(1.238926038877,-4.168307877536,1.657015148326
    ));
#519 = CARTESIAN_POINT('',(1.065676093736,-4.198297974883,1.766938434591
    ));
#520 = CARTESIAN_POINT('',(0.872571528259,-4.225314526648,1.860898501117
    ));
#521 = CARTESIAN_POINT('',(0.573819457536,-4.256082780145,1.963046549737
    ));
#522 = CARTESIAN_POINT('',(0.483487206678,-4.264177883623,1.98920420447)
  );
#523 = CARTESIAN_POINT('',(0.390439660995,-4.271207725429,2.011259916862
    ));
#524 = CARTESIAN_POINT('',(0.295157607636,-4.27700826927,2.028835210109)
  );
#525 = CARTESIAN_POINT('',(0.198160421422,-4.281441604849,2.04162865583)
  );
#526 = CARTESIAN_POINT('',(9.999629595787E-02,-4.284402890796,
    2.049420415264));
#527 = CARTESIAN_POINT('',(1.232643636041E-03,-4.285825356672,
    2.052075569633));
#528 = CARTESIAN_POINT('',(-9.755333531759E-02,-4.285683363894,
    2.049546240775));
#529 = CARTESIAN_POINT('',(-0.195783915078,-4.283993525785,
    2.041872500544));
#530 = CARTESIAN_POINT('',(-0.292889937234,-4.280813886517,
    2.029182070759));
#531 = CARTESIAN_POINT('',(-0.388319735195,-4.276241159175,
    2.011688811873));
#532 = CARTESIAN_POINT('',(-0.481547889374,-4.270406022752,1.98969000198
    ));
#533 = CARTESIAN_POINT('',(-0.572083813664,-4.263466478202,
    1.963562404928));
#534 = CARTESIAN_POINT('',(-0.761176712395,-4.246444780173,
    1.899074980054));
#535 = CARTESIAN_POINT('',(-0.858619111354,-4.236033948959,
    1.859411514945));
#536 = CARTESIAN_POINT('',(-0.951726618148,-4.224591925679,
    1.815270458152));
#537 = CARTESIAN_POINT('',(-1.040457281359,-4.212333725425,
    1.767111332233));
#538 = CARTESIAN_POINT('',(-1.124800727158,-4.199462484996,1.71535540485
    ));
#539 = CARTESIAN_POINT('',(-1.204771931617,-4.186168037813,
    1.660390368401));
#540 = CARTESIAN_POINT('',(-1.280405987909,-4.172625801288,
    1.602573752163));
#541 = CARTESIAN_POINT('',(-1.35175386817,-4.158995976701,1.542235066124
    ));
#542 = CARTESIAN_POINT('',(-1.4188791806,-4.145423061478,1.479676677518)
  );
#543 = CARTESIAN_POINT('',(-1.481855920841,-4.132035674027,
    1.415173418997));
#544 = CARTESIAN_POINT('',(-1.540767218855,-4.118946690943,
    1.348970929403));
#545 = CARTESIAN_POINT('',(-1.595705080052,-4.10625369678,1.281282726393
    ));
#546 = CARTESIAN_POINT('',(-1.646771121719,-4.094039746207,
    1.212286011408));
#547 = CARTESIAN_POINT('',(-1.74534632712,-4.069732441723,1.066071365469
    ));
#548 = CARTESIAN_POINT('',(-1.792206599216,-4.057733957986,
    0.988643927168));
#549 = CARTESIAN_POINT('',(-1.834790428983,-4.04646532092,0.909990990109
    ));
#550 = CARTESIAN_POINT('',(-1.873211064143,-4.036003476081,
    0.830259112045));
#551 = CARTESIAN_POINT('',(-1.907565027727,-4.02641629925,0.749585149144
    ));
#552 = CARTESIAN_POINT('',(-1.937933454438,-4.017762914526,
    0.668097094937));
#553 = CARTESIAN_POINT('',(-1.964383426869,-4.010094012432,
    0.585914919299));
#554 = CARTESIAN_POINT('',(-1.986969311916,-4.003452168011,
    0.503151407357));
#555 = CARTESIAN_POINT('',(-2.005734096959,-3.997872158933,
    0.419912998519));
#556 = CARTESIAN_POINT('',(-2.020710726284,-3.993381283585,0.33630062534
    ));
#557 = CARTESIAN_POINT('',(-2.031923437285,-3.989999679184,0.25241055257
    ));
#558 = CARTESIAN_POINT('',(-2.039389096842,-3.987740639869,
    0.168335216035));
#559 = CARTESIAN_POINT('',(-2.043118537579,-3.986610934803,
    8.416406164131E-02));
#560 = CARTESIAN_POINT('',(-2.043117250796,-3.986611317752,
    -8.419529336118E-02));
#561 = CARTESIAN_POINT('',(-2.039384623774,-3.98774196842,
    -0.168375881197));
#562 = CARTESIAN_POINT('',(-2.03191552623,-3.990002023949,
    -0.252461419191));
#563 = CARTESIAN_POINT('',(-2.020700164986,-3.993384406105,
    -0.336357369555));
#564 = CARTESIAN_POINT('',(-2.005722204127,-3.997875664381,
    -0.419969122238));
#565 = CARTESIAN_POINT('',(-1.986957528772,-4.003455627604,
    -0.503200500518));
#566 = CARTESIAN_POINT('',(-1.964373008434,-4.010097055576,
    -0.585952266413));
#567 = CARTESIAN_POINT('',(-1.937925261009,-4.017765290672,
    -0.668120626436));
#568 = CARTESIAN_POINT('',(-1.907559415954,-4.026417909487,
    -0.74959573682));
#569 = CARTESIAN_POINT('',(-1.873207878359,-4.036004374435,
    -0.830260209417));
#570 = CARTESIAN_POINT('',(-1.834789092173,-4.046465685383,
    -0.90998761688));
#571 = CARTESIAN_POINT('',(-1.792206304113,-4.05773403127,
    -0.988640998488));
#572 = CARTESIAN_POINT('',(-1.74534632711,-4.069732441725,
    -1.066071365485));
#573 = CARTESIAN_POINT('',(-1.646771121527,-4.094039746254,
    -1.212286011691));
#574 = CARTESIAN_POINT('',(-1.595705079833,-4.106253696831,
    -1.28128272668));
#575 = CARTESIAN_POINT('',(-1.540767218666,-4.118946690984,
    -1.348970929598));
#576 = CARTESIAN_POINT('',(-1.48185592074,-4.132035674049,
    -1.415173419097));
#577 = CARTESIAN_POINT('',(-1.418879180513,-4.145423061491,
    -1.479676677542));
#578 = CARTESIAN_POINT('',(-1.351753868172,-4.158995976704,
    -1.542235066148));
#579 = CARTESIAN_POINT('',(-1.280405987881,-4.172625801288,
    -1.602573752142));
#580 = CARTESIAN_POINT('',(-1.204771931632,-4.186168037814,
    -1.660390368436));
#581 = CARTESIAN_POINT('',(-1.124800727155,-4.199462484994,
    -1.715355404836));
#582 = CARTESIAN_POINT('',(-1.040457281358,-4.212333725426,
    -1.767111332251));
#583 = CARTESIAN_POINT('',(-0.951726618148,-4.224591925678,
    -1.815270458138));
#584 = CARTESIAN_POINT('',(-0.858619111352,-4.236033948959,
    -1.85941151494));
#585 = CARTESIAN_POINT('',(-0.761176712395,-4.246444780173,
    -1.899074980053));
#586 = CARTESIAN_POINT('',(-0.572083813664,-4.263466478202,
    -1.963562404928));
#587 = CARTESIAN_POINT('',(-0.481547889374,-4.270406022752,
    -1.989690001979));
#588 = CARTESIAN_POINT('',(-0.388319735192,-4.276241159174,
    -2.011688811876));
#589 = CARTESIAN_POINT('',(-0.292889937239,-4.280813886519,
    -2.029182070754));
#590 = CARTESIAN_POINT('',(-0.19578391507,-4.283993525781,
    -2.041872500552));
#591 = CARTESIAN_POINT('',(-9.755333532826E-02,-4.285683363899,
    -2.049546240765));
#592 = CARTESIAN_POINT('',(1.232643647268E-03,-4.285825356667,
    -2.052075569644));
#593 = CARTESIAN_POINT('',(9.999629594831E-02,-4.284402890801,
    -2.049420415255));
#594 = CARTESIAN_POINT('',(0.198160421428,-4.281441604845,
    -2.041628655836));
#595 = CARTESIAN_POINT('',(0.295157607633,-4.277008269273,
    -2.028835210105));
#596 = CARTESIAN_POINT('',(0.390439660996,-4.271207725428,
    -2.011259916864));
#597 = CARTESIAN_POINT('',(0.483487206678,-4.264177883623,
    -1.989204204469));
#598 = CARTESIAN_POINT('',(0.573819457536,-4.256082780145,
    -1.963046549737));
#599 = CARTESIAN_POINT('',(0.872571528258,-4.225314526648,
    -1.860898501118));
#600 = CARTESIAN_POINT('',(1.065676093734,-4.198297974883,-1.76693843459
    ));
#601 = CARTESIAN_POINT('',(1.238926038884,-4.168307877537,-1.65701514833
    ));
#602 = CARTESIAN_POINT('',(1.396773218373,-4.135925762967,
    -1.528744694277));
#603 = CARTESIAN_POINT('',(1.52419834233,-4.10705505069,-1.405258489775)
  );
#604 = CARTESIAN_POINT('',(1.659251065388,-4.072700844693,
    -1.244142899942));
#605 = CARTESIAN_POINT('',(1.737252637228,-4.051283585407,-1.11880102441
    ));
#606 = CARTESIAN_POINT('',(1.841535787311,-4.022362610314,
    -0.953703828527));
#607 = CARTESIAN_POINT('',(1.90100617645,-4.003823921699,-0.80390682484)
  );
#608 = CARTESIAN_POINT('',(1.96111839084,-3.985800976993,-0.644977511234
    ));
#609 = CARTESIAN_POINT('',(2.001444592568,-3.972995107119,
    -0.484998951794));
#610 = CARTESIAN_POINT('',(2.029299850536,-3.964209682342,
    -0.323932440218));
#611 = CARTESIAN_POINT('',(2.043117894247,-3.959829839284,
    -0.162023257527));
#612 = CARTESIAN_POINT('',(2.043117894247,-3.959829839284,-3.315E-15));
#613 = ADVANCED_FACE('',(#614),#642,.F.);
#614 = FACE_BOUND('',#615,.F.);
#615 = EDGE_LOOP('',(#616,#627,#634,#635));
#616 = ORIENTED_EDGE('',*,*,#617,.T.);
#617 = EDGE_CURVE('',#618,#620,#622,.T.);
#618 = VERTEX_POINT('',#619);
#619 = CARTESIAN_POINT('',(-6.910872608885,3.711490319239,3.6592272));
#620 = VERTEX_POINT('',#621);
#621 = CARTESIAN_POINT('',(6.8180067,3.551642399635,3.6592272));
#622 = CIRCLE('',#623,6.86490492351);
#623 = AXIS2_PLACEMENT_3D('',#624,#625,#626);
#624 = CARTESIAN_POINT('',(-4.643296828565E-02,3.631565170481,3.6592272)
  );
#625 = DIRECTION('',(0.,-0.,1.));
#626 = DIRECTION('',(0.999998591458,1.678416441838E-03,0.));
#627 = ORIENTED_EDGE('',*,*,#628,.T.);
#628 = EDGE_CURVE('',#620,#137,#629,.T.);
#629 = CIRCLE('',#630,0.9);
#630 = AXIS2_PLACEMENT_3D('',#631,#632,#633);
#631 = CARTESIAN_POINT('',(6.8180067,3.551642399635,2.7592272));
#632 = DIRECTION('',(-3.4641020618E-07,1.,2.2E-16));
#633 = DIRECTION('',(-1.,-3.4641020618E-07,0.));
#634 = ORIENTED_EDGE('',*,*,#134,.F.);
#635 = ORIENTED_EDGE('',*,*,#636,.F.);
#636 = EDGE_CURVE('',#618,#135,#637,.T.);
#637 = CIRCLE('',#638,0.9);
#638 = AXIS2_PLACEMENT_3D('',#639,#640,#641);
#639 = CARTESIAN_POINT('',(-6.910872608885,3.711490319239,2.7592272));
#640 = DIRECTION('',(0.,-1.,0.));
#641 = DIRECTION('',(1.,0.,0.));
#642 = SURFACE_OF_REVOLUTION('',#643,#648);
#643 = CIRCLE('',#644,0.9);
#644 = AXIS2_PLACEMENT_3D('',#645,#646,#647);
#645 = CARTESIAN_POINT('',(6.818462285718,3.643087339777,2.7592272));
#646 = DIRECTION('',(-1.332085812636E-02,0.999911273433,2.2E-16));
#647 = DIRECTION('',(-0.999911273433,-1.332085812636E-02,0.));
#648 = AXIS1_PLACEMENT('',#649,#650);
#649 = CARTESIAN_POINT('',(-4.643296828565E-02,3.631565170481,2.7592272)
  );
#650 = DIRECTION('',(0.,0.,1.));
#651 = ADVANCED_FACE('',(#652),#677,.T.);
#652 = FACE_BOUND('',#653,.T.);
#653 = EDGE_LOOP('',(#654,#662,#670,#676));
#654 = ORIENTED_EDGE('',*,*,#655,.F.);
#655 = EDGE_CURVE('',#656,#135,#658,.T.);
#656 = VERTEX_POINT('',#657);
#657 = CARTESIAN_POINT('',(-7.810872608885,57.561490319239,2.7592272));
#658 = LINE('',#659,#660);
#659 = CARTESIAN_POINT('',(-7.810872608885,3.711490319239,2.7592272));
#660 = VECTOR('',#661,1.);
#661 = DIRECTION('',(0.,-1.,2.2E-16));
#662 = ORIENTED_EDGE('',*,*,#663,.T.);
#663 = EDGE_CURVE('',#656,#664,#666,.T.);
#664 = VERTEX_POINT('',#665);
#665 = CARTESIAN_POINT('',(-7.810872608885,57.561490319239,-2.7110214));
#666 = LINE('',#667,#668);
#667 = CARTESIAN_POINT('',(-7.810872608885,57.561490319239,2.7592272));
#668 = VECTOR('',#669,1.);
#669 = DIRECTION('',(0.,-2.2E-16,-1.));
#670 = ORIENTED_EDGE('',*,*,#671,.T.);
#671 = EDGE_CURVE('',#664,#154,#672,.T.);
#672 = LINE('',#673,#674);
#673 = CARTESIAN_POINT('',(-7.810872608885,3.711490319239,-2.7110214));
#674 = VECTOR('',#675,1.);
#675 = DIRECTION('',(0.,-1.,2.2E-16));
#676 = ORIENTED_EDGE('',*,*,#162,.F.);
#677 = PLANE('',#678);
#678 = AXIS2_PLACEMENT_3D('',#679,#680,#681);
#679 = CARTESIAN_POINT('',(-7.810872608885,3.711490319239,2.7592272));
#680 = DIRECTION('',(-1.,0.,0.));
#681 = DIRECTION('',(-0.,-2.2E-16,-1.));
#682 = ADVANCED_FACE('',(#683),#708,.T.);
#683 = FACE_BOUND('',#684,.T.);
#684 = EDGE_LOOP('',(#685,#693,#694,#702));
#685 = ORIENTED_EDGE('',*,*,#686,.F.);
#686 = EDGE_CURVE('',#137,#687,#689,.T.);
#687 = VERTEX_POINT('',#688);
#688 = CARTESIAN_POINT('',(7.7180067,57.401642659443,2.7592272));
#689 = LINE('',#690,#691);
#690 = CARTESIAN_POINT('',(7.7180067,3.551642711404,2.7592272));
#691 = VECTOR('',#692,1.);
#692 = DIRECTION('',(0.,1.,2.2E-16));
#693 = ORIENTED_EDGE('',*,*,#145,.T.);
#694 = ORIENTED_EDGE('',*,*,#695,.T.);
#695 = EDGE_CURVE('',#146,#696,#698,.T.);
#696 = VERTEX_POINT('',#697);
#697 = CARTESIAN_POINT('',(7.7180067,57.401642659443,-2.7110214));
#698 = LINE('',#699,#700);
#699 = CARTESIAN_POINT('',(7.7180067,3.551642711404,-2.7110214));
#700 = VECTOR('',#701,1.);
#701 = DIRECTION('',(0.,1.,2.2E-16));
#702 = ORIENTED_EDGE('',*,*,#703,.F.);
#703 = EDGE_CURVE('',#687,#696,#704,.T.);
#704 = LINE('',#705,#706);
#705 = CARTESIAN_POINT('',(7.7180067,57.401642659443,2.7592272));
#706 = VECTOR('',#707,1.);
#707 = DIRECTION('',(0.,2.2E-16,-1.));
#708 = PLANE('',#709);
#709 = AXIS2_PLACEMENT_3D('',#710,#711,#712);
#710 = CARTESIAN_POINT('',(7.7180067,3.551642711404,2.7592272));
#711 = DIRECTION('',(1.,0.,0.));
#712 = DIRECTION('',(0.,2.2E-16,-1.));
#713 = ADVANCED_FACE('',(#714),#742,.F.);
#714 = FACE_BOUND('',#715,.F.);
#715 = EDGE_LOOP('',(#716,#717,#726,#735));
#716 = ORIENTED_EDGE('',*,*,#153,.T.);
#717 = ORIENTED_EDGE('',*,*,#718,.T.);
#718 = EDGE_CURVE('',#146,#719,#721,.T.);
#719 = VERTEX_POINT('',#720);
#720 = CARTESIAN_POINT('',(6.8180067,3.551642399635,-3.6110214));
#721 = CIRCLE('',#722,0.9);
#722 = AXIS2_PLACEMENT_3D('',#723,#724,#725);
#723 = CARTESIAN_POINT('',(6.8180067,3.551642399635,-2.7110214));
#724 = DIRECTION('',(-3.4641020618E-07,1.,2.2E-16));
#725 = DIRECTION('',(-1.,-3.4641020618E-07,0.));
#726 = ORIENTED_EDGE('',*,*,#727,.F.);
#727 = EDGE_CURVE('',#728,#719,#730,.T.);
#728 = VERTEX_POINT('',#729);
#729 = CARTESIAN_POINT('',(-6.910872608885,3.711490319239,-3.6110214));
#730 = CIRCLE('',#731,6.86490492351);
#731 = AXIS2_PLACEMENT_3D('',#732,#733,#734);
#732 = CARTESIAN_POINT('',(-4.643296828565E-02,3.631565170481,-3.6110214
    ));
#733 = DIRECTION('',(0.,-0.,1.));
#734 = DIRECTION('',(0.999998591458,1.678416441838E-03,0.));
#735 = ORIENTED_EDGE('',*,*,#736,.F.);
#736 = EDGE_CURVE('',#154,#728,#737,.T.);
#737 = CIRCLE('',#738,0.9);
#738 = AXIS2_PLACEMENT_3D('',#739,#740,#741);
#739 = CARTESIAN_POINT('',(-6.910872608885,3.711490319239,-2.7110214));
#740 = DIRECTION('',(0.,-1.,0.));
#741 = DIRECTION('',(1.,0.,0.));
#742 = SURFACE_OF_REVOLUTION('',#743,#748);
#743 = CIRCLE('',#744,0.9);
#744 = AXIS2_PLACEMENT_3D('',#745,#746,#747);
#745 = CARTESIAN_POINT('',(6.818462285718,3.643087339777,-2.7110214));
#746 = DIRECTION('',(-1.332085812636E-02,0.999911273433,2.2E-16));
#747 = DIRECTION('',(-0.999911273433,-1.332085812636E-02,0.));
#748 = AXIS1_PLACEMENT('',#749,#750);
#749 = CARTESIAN_POINT('',(-4.643296828565E-02,3.631565170481,-2.7110214
    ));
#750 = DIRECTION('',(0.,0.,1.));
#751 = ADVANCED_FACE('',(#752),#771,.T.);
#752 = FACE_BOUND('',#753,.T.);
#753 = EDGE_LOOP('',(#754,#762,#763,#764));
#754 = ORIENTED_EDGE('',*,*,#755,.F.);
#755 = EDGE_CURVE('',#177,#756,#758,.T.);
#756 = VERTEX_POINT('',#757);
#757 = CARTESIAN_POINT('',(2.043117894247,-29.0161692,-4.2E-15));
#758 = LINE('',#759,#760);
#759 = CARTESIAN_POINT('',(2.043117894247,-2.3161692,-2.997E-15));
#760 = VECTOR('',#761,1.);
#761 = DIRECTION('',(0.,-1.,1.1E-16));
#762 = ORIENTED_EDGE('',*,*,#184,.T.);
#763 = ORIENTED_EDGE('',*,*,#755,.T.);
#764 = ORIENTED_EDGE('',*,*,#765,.F.);
#765 = EDGE_CURVE('',#756,#756,#766,.T.);
#766 = CIRCLE('',#767,2.043117894247);
#767 = AXIS2_PLACEMENT_3D('',#768,#769,#770);
#768 = CARTESIAN_POINT('',(0.,-29.0161692,2.931E-15));
#769 = DIRECTION('',(0.,-1.,2.2E-16));
#770 = DIRECTION('',(1.,-3.234E-31,-1.47E-15));
#771 = CYLINDRICAL_SURFACE('',#772,2.043117894247);
#772 = AXIS2_PLACEMENT_3D('',#773,#774,#775);
#773 = CARTESIAN_POINT('',(0.,-2.3161692,-2.997E-15));
#774 = DIRECTION('',(0.,-1.,1.1E-16));
#775 = DIRECTION('',(1.,0.,0.));
#776 = ADVANCED_FACE('',(#777),#835,.T.);
#777 = FACE_BOUND('',#778,.T.);
#778 = EDGE_LOOP('',(#779,#789,#797,#803,#804,#812,#820,#828));
#779 = ORIENTED_EDGE('',*,*,#780,.F.);
#780 = EDGE_CURVE('',#781,#783,#785,.T.);
#781 = VERTEX_POINT('',#782);
#782 = CARTESIAN_POINT('',(-5.162700608885,57.561490319239,3.6592272));
#783 = VERTEX_POINT('',#784);
#784 = CARTESIAN_POINT('',(-5.162700608885,3.711490319239,3.6592272));
#785 = LINE('',#786,#787);
#786 = CARTESIAN_POINT('',(-5.162700608885,3.711490319239,3.6592272));
#787 = VECTOR('',#788,1.);
#788 = DIRECTION('',(0.,-1.,0.));
#789 = ORIENTED_EDGE('',*,*,#790,.T.);
#790 = EDGE_CURVE('',#781,#791,#793,.T.);
#791 = VERTEX_POINT('',#792);
#792 = CARTESIAN_POINT('',(-6.910872608885,57.561490319239,3.6592272));
#793 = LINE('',#794,#795);
#794 = CARTESIAN_POINT('',(-5.162700608885,57.561490319239,3.6592272));
#795 = VECTOR('',#796,1.);
#796 = DIRECTION('',(-1.,0.,0.));
#797 = ORIENTED_EDGE('',*,*,#798,.T.);
#798 = EDGE_CURVE('',#791,#618,#799,.T.);
#799 = LINE('',#800,#801);
#800 = CARTESIAN_POINT('',(-6.910872608885,3.711490319239,3.6592272));
#801 = VECTOR('',#802,1.);
#802 = DIRECTION('',(0.,-1.,0.));
#803 = ORIENTED_EDGE('',*,*,#617,.T.);
#804 = ORIENTED_EDGE('',*,*,#805,.T.);
#805 = EDGE_CURVE('',#620,#806,#808,.T.);
#806 = VERTEX_POINT('',#807);
#807 = CARTESIAN_POINT('',(6.8180067,57.401642399635,3.6592272));
#808 = LINE('',#809,#810);
#809 = CARTESIAN_POINT('',(6.8180067,3.551642399635,3.6592272));
#810 = VECTOR('',#811,1.);
#811 = DIRECTION('',(0.,1.,0.));
#812 = ORIENTED_EDGE('',*,*,#813,.F.);
#813 = EDGE_CURVE('',#814,#806,#816,.T.);
#814 = VERTEX_POINT('',#815);
#815 = CARTESIAN_POINT('',(5.0698347,57.401641794051,3.6592272));
#816 = LINE('',#817,#818);
#817 = CARTESIAN_POINT('',(5.069834751962,57.401641794051,3.6592272));
#818 = VECTOR('',#819,1.);
#819 = DIRECTION('',(1.,3.4641020618E-07,0.));
#820 = ORIENTED_EDGE('',*,*,#821,.F.);
#821 = EDGE_CURVE('',#822,#814,#824,.T.);
#822 = VERTEX_POINT('',#823);
#823 = CARTESIAN_POINT('',(5.0698347,3.551641794051,3.6592272));
#824 = LINE('',#825,#826);
#825 = CARTESIAN_POINT('',(5.0698347,3.551641794051,3.6592272));
#826 = VECTOR('',#827,1.);
#827 = DIRECTION('',(0.,1.,0.));
#828 = ORIENTED_EDGE('',*,*,#829,.F.);
#829 = EDGE_CURVE('',#783,#822,#830,.T.);
#830 = CIRCLE('',#831,5.116891888602);
#831 = AXIS2_PLACEMENT_3D('',#832,#833,#834);
#832 = CARTESIAN_POINT('',(-4.643296828565E-02,3.631565170481,3.6592272)
  );
#833 = DIRECTION('',(-0.,0.,1.));
#834 = DIRECTION('',(0.999997356736,-2.299243789653E-03,0.));
#835 = PLANE('',#836);
#836 = AXIS2_PLACEMENT_3D('',#837,#838,#839);
#837 = CARTESIAN_POINT('',(-5.29263001965E-02,26.704686014135,3.6592272)
  );
#838 = DIRECTION('',(0.,0.,1.));
#839 = DIRECTION('',(1.,0.,0.));
#840 = ADVANCED_FACE('',(#841),#853,.T.);
#841 = FACE_BOUND('',#842,.T.);
#842 = EDGE_LOOP('',(#843,#844,#851,#852));
#843 = ORIENTED_EDGE('',*,*,#798,.F.);
#844 = ORIENTED_EDGE('',*,*,#845,.T.);
#845 = EDGE_CURVE('',#791,#656,#846,.T.);
#846 = CIRCLE('',#847,0.9);
#847 = AXIS2_PLACEMENT_3D('',#848,#849,#850);
#848 = CARTESIAN_POINT('',(-6.910872608885,57.561490319239,2.7592272));
#849 = DIRECTION('',(0.,-1.,0.));
#850 = DIRECTION('',(0.,0.,1.));
#851 = ORIENTED_EDGE('',*,*,#655,.T.);
#852 = ORIENTED_EDGE('',*,*,#636,.F.);
#853 = CYLINDRICAL_SURFACE('',#854,0.9);
#854 = AXIS2_PLACEMENT_3D('',#855,#856,#857);
#855 = CARTESIAN_POINT('',(-6.910872608885,3.711490319239,2.7592272));
#856 = DIRECTION('',(0.,-1.,0.));
#857 = DIRECTION('',(1.,0.,0.));
#858 = ADVANCED_FACE('',(#859),#874,.T.);
#859 = FACE_BOUND('',#860,.T.);
#860 = EDGE_LOOP('',(#861,#862,#863,#864));
#861 = ORIENTED_EDGE('',*,*,#805,.F.);
#862 = ORIENTED_EDGE('',*,*,#628,.T.);
#863 = ORIENTED_EDGE('',*,*,#686,.T.);
#864 = ORIENTED_EDGE('',*,*,#865,.F.);
#865 = EDGE_CURVE('',#806,#687,#866,.T.);
#866 = ( BOUNDED_CURVE() B_SPLINE_CURVE(6,(#867,#868,#869,#870,#871,#872
,#873),.UNSPECIFIED.,.F.,.F.) B_SPLINE_CURVE_WITH_KNOTS((7,7),(
28.773790633974,33.486179960769),.PIECEWISE_BEZIER_KNOTS.) CURVE() 
GEOMETRIC_REPRESENTATION_ITEM() RATIONAL_B_SPLINE_CURVE((1.,1.,1.,1.,1.,
1.,1.)) REPRESENTATION_ITEM('') );
#867 = CARTESIAN_POINT('',(6.8180067,57.401642399635,3.6592272));
#868 = CARTESIAN_POINT('',(7.053625079044,57.401642467652,3.6592272));
#869 = CARTESIAN_POINT('',(7.289227340807,57.401642535665,3.585222850813
    ));
#870 = CARTESIAN_POINT('',(7.495876368201,57.401642595319,3.437096847171
    ));
#871 = CARTESIAN_POINT('',(7.644002359258,57.40164263808,3.230447817799)
  );
#872 = CARTESIAN_POINT('',(7.7180067,57.401642659443,2.994845565442));
#873 = CARTESIAN_POINT('',(7.7180067,57.401642659443,2.7592272));
#874 = SURFACE_OF_LINEAR_EXTRUSION('',#875,#880);
#875 = CIRCLE('',#876,0.9);
#876 = AXIS2_PLACEMENT_3D('',#877,#878,#879);
#877 = CARTESIAN_POINT('',(6.8180067,3.551642399635,2.7592272));
#878 = DIRECTION('',(-3.4641020618E-07,1.,2.2E-16));
#879 = DIRECTION('',(-1.,-3.4641020618E-07,0.));
#880 = VECTOR('',#881,1.);
#881 = DIRECTION('',(0.,1.,0.));
#882 = ADVANCED_FACE('',(#883),#910,.T.);
#883 = FACE_BOUND('',#884,.F.);
#884 = EDGE_LOOP('',(#885,#894,#895,#904));
#885 = ORIENTED_EDGE('',*,*,#886,.T.);
#886 = EDGE_CURVE('',#887,#656,#889,.T.);
#887 = VERTEX_POINT('',#888);
#888 = CARTESIAN_POINT('',(-7.660872608885,57.711490319239,2.7592272));
#889 = CIRCLE('',#890,0.15);
#890 = AXIS2_PLACEMENT_3D('',#891,#892,#893);
#891 = CARTESIAN_POINT('',(-7.660872608885,57.561490319239,2.7592272));
#892 = DIRECTION('',(0.,2.2E-16,1.));
#893 = DIRECTION('',(0.,1.,-2.2E-16));
#894 = ORIENTED_EDGE('',*,*,#663,.T.);
#895 = ORIENTED_EDGE('',*,*,#896,.F.);
#896 = EDGE_CURVE('',#897,#664,#899,.T.);
#897 = VERTEX_POINT('',#898);
#898 = CARTESIAN_POINT('',(-7.660872608885,57.711490319239,-2.7110214));
#899 = CIRCLE('',#900,0.15);
#900 = AXIS2_PLACEMENT_3D('',#901,#902,#903);
#901 = CARTESIAN_POINT('',(-7.660872608885,57.561490319239,-2.7110214));
#902 = DIRECTION('',(0.,2.2E-16,1.));
#903 = DIRECTION('',(0.,1.,-2.2E-16));
#904 = ORIENTED_EDGE('',*,*,#905,.F.);
#905 = EDGE_CURVE('',#887,#897,#906,.T.);
#906 = LINE('',#907,#908);
#907 = CARTESIAN_POINT('',(-7.660872608885,57.711490319239,2.7592272));
#908 = VECTOR('',#909,1.);
#909 = DIRECTION('',(0.,-2.2E-16,-1.));
#910 = CYLINDRICAL_SURFACE('',#911,0.15);
#911 = AXIS2_PLACEMENT_3D('',#912,#913,#914);
#912 = CARTESIAN_POINT('',(-7.660872608885,57.561490319239,2.7592272));
#913 = DIRECTION('',(0.,-2.2E-16,-1.));
#914 = DIRECTION('',(0.,1.,-2.2E-16));
#915 = ADVANCED_FACE('',(#916),#935,.T.);
#916 = FACE_BOUND('',#917,.T.);
#917 = EDGE_LOOP('',(#918,#919,#928,#934));
#918 = ORIENTED_EDGE('',*,*,#671,.F.);
#919 = ORIENTED_EDGE('',*,*,#920,.T.);
#920 = EDGE_CURVE('',#664,#921,#923,.T.);
#921 = VERTEX_POINT('',#922);
#922 = CARTESIAN_POINT('',(-6.910872608885,57.561490319239,-3.6110214));
#923 = CIRCLE('',#924,0.9);
#924 = AXIS2_PLACEMENT_3D('',#925,#926,#927);
#925 = CARTESIAN_POINT('',(-6.910872608885,57.561490319239,-2.7110214));
#926 = DIRECTION('',(0.,-1.,0.));
#927 = DIRECTION('',(-1.,0.,0.));
#928 = ORIENTED_EDGE('',*,*,#929,.T.);
#929 = EDGE_CURVE('',#921,#728,#930,.T.);
#930 = LINE('',#931,#932);
#931 = CARTESIAN_POINT('',(-6.910872608885,3.711490319239,-3.6110214));
#932 = VECTOR('',#933,1.);
#933 = DIRECTION('',(0.,-1.,0.));
#934 = ORIENTED_EDGE('',*,*,#736,.F.);
#935 = CYLINDRICAL_SURFACE('',#936,0.9);
#936 = AXIS2_PLACEMENT_3D('',#937,#938,#939);
#937 = CARTESIAN_POINT('',(-6.910872608885,3.711490319239,-2.7110214));
#938 = DIRECTION('',(0.,-1.,0.));
#939 = DIRECTION('',(1.,0.,0.));
#940 = ADVANCED_FACE('',(#941),#967,.T.);
#941 = FACE_BOUND('',#942,.T.);
#942 = EDGE_LOOP('',(#943,#951,#952,#961));
#943 = ORIENTED_EDGE('',*,*,#944,.T.);
#944 = EDGE_CURVE('',#945,#687,#947,.T.);
#945 = VERTEX_POINT('',#946);
#946 = CARTESIAN_POINT('',(7.568006648038,57.551642659443,2.7592272));
#947 = ( BOUNDED_CURVE() B_SPLINE_CURVE(2,(#948,#949,#950),
.UNSPECIFIED.,.F.,.F.) B_SPLINE_CURVE_WITH_KNOTS((3,3),(0.,
4.712389326796),.PIECEWISE_BEZIER_KNOTS.) CURVE() 
GEOMETRIC_REPRESENTATION_ITEM() RATIONAL_B_SPLINE_CURVE((1.,
0.707106658712,1.)) REPRESENTATION_ITEM('') );
#948 = CARTESIAN_POINT('',(7.568006648038,57.551642659443,2.7592272));
#949 = CARTESIAN_POINT('',(7.7180067,57.551642711404,2.7592272));
#950 = CARTESIAN_POINT('',(7.7180067,57.401642659443,2.7592272));
#951 = ORIENTED_EDGE('',*,*,#703,.T.);
#952 = ORIENTED_EDGE('',*,*,#953,.F.);
#953 = EDGE_CURVE('',#954,#696,#956,.T.);
#954 = VERTEX_POINT('',#955);
#955 = CARTESIAN_POINT('',(7.568006648038,57.551642659443,-2.7110214));
#956 = CIRCLE('',#957,0.15);
#957 = AXIS2_PLACEMENT_3D('',#958,#959,#960);
#958 = CARTESIAN_POINT('',(7.5680067,57.401642659443,-2.7110214));
#959 = DIRECTION('',(-1.175494350822E-38,2.2E-16,-1.));
#960 = DIRECTION('',(-3.4641020603E-07,1.,2.2E-16));
#961 = ORIENTED_EDGE('',*,*,#962,.F.);
#962 = EDGE_CURVE('',#945,#954,#963,.T.);
#963 = LINE('',#964,#965);
#964 = CARTESIAN_POINT('',(7.568006648038,57.551642659443,2.7592272));
#965 = VECTOR('',#966,1.);
#966 = DIRECTION('',(0.,2.2E-16,-1.));
#967 = CYLINDRICAL_SURFACE('',#968,0.15);
#968 = AXIS2_PLACEMENT_3D('',#969,#970,#971);
#969 = CARTESIAN_POINT('',(7.5680067,57.401642659443,2.7592272));
#970 = DIRECTION('',(0.,2.2E-16,-1.));
#971 = DIRECTION('',(-3.4641020603E-07,1.,2.2E-16));
#972 = ADVANCED_FACE('',(#973),#995,.T.);
#973 = FACE_BOUND('',#974,.T.);
#974 = EDGE_LOOP('',(#975,#976,#977,#985));
#975 = ORIENTED_EDGE('',*,*,#695,.F.);
#976 = ORIENTED_EDGE('',*,*,#718,.T.);
#977 = ORIENTED_EDGE('',*,*,#978,.T.);
#978 = EDGE_CURVE('',#719,#979,#981,.T.);
#979 = VERTEX_POINT('',#980);
#980 = CARTESIAN_POINT('',(6.8180067,57.401642399635,-3.6110214));
#981 = LINE('',#982,#983);
#982 = CARTESIAN_POINT('',(6.8180067,3.551642399635,-3.6110214));
#983 = VECTOR('',#984,1.);
#984 = DIRECTION('',(0.,1.,0.));
#985 = ORIENTED_EDGE('',*,*,#986,.F.);
#986 = EDGE_CURVE('',#696,#979,#987,.T.);
#987 = ( BOUNDED_CURVE() B_SPLINE_CURVE(6,(#988,#989,#990,#991,#992,#993
,#994),.UNSPECIFIED.,.F.,.F.) B_SPLINE_CURVE_WITH_KNOTS((7,7),(
51.720341960769,56.432731287565),.PIECEWISE_BEZIER_KNOTS.) CURVE() 
GEOMETRIC_REPRESENTATION_ITEM() RATIONAL_B_SPLINE_CURVE((1.,1.,1.,1.,1.,
1.,1.)) REPRESENTATION_ITEM('') );
#988 = CARTESIAN_POINT('',(7.7180067,57.401642659443,-2.7110214));
#989 = CARTESIAN_POINT('',(7.7180067,57.401642659443,-2.946639765442));
#990 = CARTESIAN_POINT('',(7.644002359258,57.40164263808,-3.182242017799
    ));
#991 = CARTESIAN_POINT('',(7.495876368201,57.401642595319,
    -3.388891047171));
#992 = CARTESIAN_POINT('',(7.289227340807,57.401642535665,
    -3.537017050813));
#993 = CARTESIAN_POINT('',(7.053625079044,57.401642467652,-3.6110214));
#994 = CARTESIAN_POINT('',(6.8180067,57.401642399635,-3.6110214));
#995 = SURFACE_OF_LINEAR_EXTRUSION('',#996,#1001);
#996 = CIRCLE('',#997,0.9);
#997 = AXIS2_PLACEMENT_3D('',#998,#999,#1000);
#998 = CARTESIAN_POINT('',(6.8180067,3.551642399635,-2.7110214));
#999 = DIRECTION('',(-3.4641020618E-07,1.,2.2E-16));
#1000 = DIRECTION('',(-1.,-3.4641020618E-07,0.));
#1001 = VECTOR('',#1002,1.);
#1002 = DIRECTION('',(0.,1.,0.));
#1003 = ADVANCED_FACE('',(#1004),#1048,.T.);
#1004 = FACE_BOUND('',#1005,.T.);
#1005 = EDGE_LOOP('',(#1006,#1007,#1015,#1023,#1032,#1040,#1046,#1047));
#1006 = ORIENTED_EDGE('',*,*,#929,.F.);
#1007 = ORIENTED_EDGE('',*,*,#1008,.T.);
#1008 = EDGE_CURVE('',#921,#1009,#1011,.T.);
#1009 = VERTEX_POINT('',#1010);
#1010 = CARTESIAN_POINT('',(-5.162700608885,57.561490319239,-3.6110214)
  );
#1011 = LINE('',#1012,#1013);
#1012 = CARTESIAN_POINT('',(-6.910872608885,57.561490319239,-3.6110214)
  );
#1013 = VECTOR('',#1014,1.);
#1014 = DIRECTION('',(1.,0.,0.));
#1015 = ORIENTED_EDGE('',*,*,#1016,.T.);
#1016 = EDGE_CURVE('',#1009,#1017,#1019,.T.);
#1017 = VERTEX_POINT('',#1018);
#1018 = CARTESIAN_POINT('',(-5.162700608885,3.711490319239,-3.6110214));
#1019 = LINE('',#1020,#1021);
#1020 = CARTESIAN_POINT('',(-5.162700608885,3.711490319239,-3.6110214));
#1021 = VECTOR('',#1022,1.);
#1022 = DIRECTION('',(0.,-1.,0.));
#1023 = ORIENTED_EDGE('',*,*,#1024,.T.);
#1024 = EDGE_CURVE('',#1017,#1025,#1027,.T.);
#1025 = VERTEX_POINT('',#1026);
#1026 = CARTESIAN_POINT('',(5.0698347,3.551641794051,-3.6110214));
#1027 = CIRCLE('',#1028,5.116891888602);
#1028 = AXIS2_PLACEMENT_3D('',#1029,#1030,#1031);
#1029 = CARTESIAN_POINT('',(-4.643296828565E-02,3.631565170481,
    -3.6110214));
#1030 = DIRECTION('',(-0.,0.,1.));
#1031 = DIRECTION('',(0.999997356736,-2.299243789653E-03,0.));
#1032 = ORIENTED_EDGE('',*,*,#1033,.T.);
#1033 = EDGE_CURVE('',#1025,#1034,#1036,.T.);
#1034 = VERTEX_POINT('',#1035);
#1035 = CARTESIAN_POINT('',(5.0698347,57.401641794051,-3.6110214));
#1036 = LINE('',#1037,#1038);
#1037 = CARTESIAN_POINT('',(5.0698347,3.551641794051,-3.6110214));
#1038 = VECTOR('',#1039,1.);
#1039 = DIRECTION('',(0.,1.,0.));
#1040 = ORIENTED_EDGE('',*,*,#1041,.F.);
#1041 = EDGE_CURVE('',#979,#1034,#1042,.T.);
#1042 = LINE('',#1043,#1044);
#1043 = CARTESIAN_POINT('',(6.818006751961,57.401642399635,-3.6110214));
#1044 = VECTOR('',#1045,1.);
#1045 = DIRECTION('',(-1.,-3.4641020618E-07,0.));
#1046 = ORIENTED_EDGE('',*,*,#978,.F.);
#1047 = ORIENTED_EDGE('',*,*,#727,.F.);
#1048 = PLANE('',#1049);
#1049 = AXIS2_PLACEMENT_3D('',#1050,#1051,#1052);
#1050 = CARTESIAN_POINT('',(-5.29263001965E-02,26.704686014135,
    -3.6110214));
#1051 = DIRECTION('',(-0.,-0.,-1.));
#1052 = DIRECTION('',(-1.,0.,0.));
#1053 = ADVANCED_FACE('',(#1054),#1074,.T.);
#1054 = FACE_BOUND('',#1055,.T.);
#1055 = EDGE_LOOP('',(#1056,#1065,#1066,#1067));
#1056 = ORIENTED_EDGE('',*,*,#1057,.F.);
#1057 = EDGE_CURVE('',#756,#1058,#1060,.T.);
#1058 = VERTEX_POINT('',#1059);
#1059 = CARTESIAN_POINT('',(1.743117894247,-29.3161692,0.));
#1060 = CIRCLE('',#1061,0.3);
#1061 = AXIS2_PLACEMENT_3D('',#1062,#1063,#1064);
#1062 = CARTESIAN_POINT('',(1.743117894247,-29.0161692,3.75E-16));
#1063 = DIRECTION('',(-1.47E-15,-2.2E-16,-1.));
#1064 = DIRECTION('',(1.,0.,-1.47E-15));
#1065 = ORIENTED_EDGE('',*,*,#765,.T.);
#1066 = ORIENTED_EDGE('',*,*,#1057,.T.);
#1067 = ORIENTED_EDGE('',*,*,#1068,.F.);
#1068 = EDGE_CURVE('',#1058,#1058,#1069,.T.);
#1069 = CIRCLE('',#1070,1.743117894247);
#1070 = AXIS2_PLACEMENT_3D('',#1071,#1072,#1073);
#1071 = CARTESIAN_POINT('',(0.,-29.3161692,2.997E-15));
#1072 = DIRECTION('',(0.,-1.,2.2E-16));
#1073 = DIRECTION('',(1.,-3.234E-31,-1.47E-15));
#1074 = TOROIDAL_SURFACE('',#1075,1.743117894247,0.3);
#1075 = AXIS2_PLACEMENT_3D('',#1076,#1077,#1078);
#1076 = CARTESIAN_POINT('',(0.,-29.0161692,2.931E-15));
#1077 = DIRECTION('',(0.,-1.,2.2E-16));
#1078 = DIRECTION('',(1.,-3.234E-31,-1.47E-15));
#1079 = ADVANCED_FACE('',(#1080),#1107,.T.);
#1080 = FACE_BOUND('',#1081,.T.);
#1081 = EDGE_LOOP('',(#1082,#1092,#1099,#1100));
#1082 = ORIENTED_EDGE('',*,*,#1083,.F.);
#1083 = EDGE_CURVE('',#1084,#1086,#1088,.T.);
#1084 = VERTEX_POINT('',#1085);
#1085 = CARTESIAN_POINT('',(-4.262700608885,57.561490319239,2.7592272));
#1086 = VERTEX_POINT('',#1087);
#1087 = CARTESIAN_POINT('',(-4.262700608885,3.711490319239,2.7592272));
#1088 = LINE('',#1089,#1090);
#1089 = CARTESIAN_POINT('',(-4.262700608885,3.711490319239,2.7592272));
#1090 = VECTOR('',#1091,1.);
#1091 = DIRECTION('',(0.,-1.,2.2E-16));
#1092 = ORIENTED_EDGE('',*,*,#1093,.T.);
#1093 = EDGE_CURVE('',#1084,#781,#1094,.T.);
#1094 = CIRCLE('',#1095,0.9);
#1095 = AXIS2_PLACEMENT_3D('',#1096,#1097,#1098);
#1096 = CARTESIAN_POINT('',(-5.162700608885,57.561490319239,2.7592272));
#1097 = DIRECTION('',(0.,-1.,0.));
#1098 = DIRECTION('',(1.,0.,0.));
#1099 = ORIENTED_EDGE('',*,*,#780,.T.);
#1100 = ORIENTED_EDGE('',*,*,#1101,.F.);
#1101 = EDGE_CURVE('',#1086,#783,#1102,.T.);
#1102 = CIRCLE('',#1103,0.9);
#1103 = AXIS2_PLACEMENT_3D('',#1104,#1105,#1106);
#1104 = CARTESIAN_POINT('',(-5.162700608885,3.711490319239,2.7592272));
#1105 = DIRECTION('',(0.,-1.,0.));
#1106 = DIRECTION('',(1.,0.,0.));
#1107 = CYLINDRICAL_SURFACE('',#1108,0.9);
#1108 = AXIS2_PLACEMENT_3D('',#1109,#1110,#1111);
#1109 = CARTESIAN_POINT('',(-5.162700608885,3.711490319239,2.7592272));
#1110 = DIRECTION('',(0.,-1.,0.));
#1111 = DIRECTION('',(1.,0.,0.));
#1112 = ADVANCED_FACE('',(#1113),#1140,.T.);
#1113 = FACE_BOUND('',#1114,.F.);
#1114 = EDGE_LOOP('',(#1115,#1124,#1125,#1134));
#1115 = ORIENTED_EDGE('',*,*,#1116,.T.);
#1116 = EDGE_CURVE('',#1117,#781,#1119,.T.);
#1117 = VERTEX_POINT('',#1118);
#1118 = CARTESIAN_POINT('',(-5.162700608885,57.711490319239,3.5092272));
#1119 = CIRCLE('',#1120,0.15);
#1120 = AXIS2_PLACEMENT_3D('',#1121,#1122,#1123);
#1121 = CARTESIAN_POINT('',(-5.162700608885,57.561490319239,3.5092272));
#1122 = DIRECTION('',(1.,0.,-6.E-17));
#1123 = DIRECTION('',(6.E-17,0.,1.));
#1124 = ORIENTED_EDGE('',*,*,#790,.T.);
#1125 = ORIENTED_EDGE('',*,*,#1126,.F.);
#1126 = EDGE_CURVE('',#1127,#791,#1129,.T.);
#1127 = VERTEX_POINT('',#1128);
#1128 = CARTESIAN_POINT('',(-6.910872608885,57.711490319239,3.5092272));
#1129 = CIRCLE('',#1130,0.15);
#1130 = AXIS2_PLACEMENT_3D('',#1131,#1132,#1133);
#1131 = CARTESIAN_POINT('',(-6.910872608885,57.561490319239,3.5092272));
#1132 = DIRECTION('',(1.,0.,0.));
#1133 = DIRECTION('',(0.,1.,0.));
#1134 = ORIENTED_EDGE('',*,*,#1135,.F.);
#1135 = EDGE_CURVE('',#1117,#1127,#1136,.T.);
#1136 = LINE('',#1137,#1138);
#1137 = CARTESIAN_POINT('',(-5.162700608885,57.711490319239,3.5092272));
#1138 = VECTOR('',#1139,1.);
#1139 = DIRECTION('',(-1.,0.,0.));
#1140 = CYLINDRICAL_SURFACE('',#1141,0.15);
#1141 = AXIS2_PLACEMENT_3D('',#1142,#1143,#1144);
#1142 = CARTESIAN_POINT('',(-5.162700608885,57.561490319239,3.5092272));
#1143 = DIRECTION('',(-1.,0.,0.));
#1144 = DIRECTION('',(0.,1.,0.));
#1145 = ADVANCED_FACE('',(#1146),#1166,.F.);
#1146 = FACE_BOUND('',#1147,.F.);
#1147 = EDGE_LOOP('',(#1148,#1157,#1164,#1165));
#1148 = ORIENTED_EDGE('',*,*,#1149,.T.);
#1149 = EDGE_CURVE('',#1086,#1150,#1152,.T.);
#1150 = VERTEX_POINT('',#1151);
#1151 = CARTESIAN_POINT('',(4.1698347,3.551641482281,2.7592272));
#1152 = CIRCLE('',#1153,4.217025118086);
#1153 = AXIS2_PLACEMENT_3D('',#1154,#1155,#1156);
#1154 = CARTESIAN_POINT('',(-4.643296828565E-02,3.631565170481,2.7592272
    ));
#1155 = DIRECTION('',(-0.,0.,1.));
#1156 = DIRECTION('',(0.999984135529,-5.632822557552E-03,0.));
#1157 = ORIENTED_EDGE('',*,*,#1158,.T.);
#1158 = EDGE_CURVE('',#1150,#822,#1159,.T.);
#1159 = CIRCLE('',#1160,0.9);
#1160 = AXIS2_PLACEMENT_3D('',#1161,#1162,#1163);
#1161 = CARTESIAN_POINT('',(5.0698347,3.551641794051,2.7592272));
#1162 = DIRECTION('',(-3.4641020618E-07,1.,2.2E-16));
#1163 = DIRECTION('',(-1.,-3.4641020618E-07,0.));
#1164 = ORIENTED_EDGE('',*,*,#829,.F.);
#1165 = ORIENTED_EDGE('',*,*,#1101,.F.);
#1166 = SURFACE_OF_REVOLUTION('',#1167,#1172);
#1167 = CIRCLE('',#1168,0.9);
#1168 = AXIS2_PLACEMENT_3D('',#1169,#1170,#1171);
#1169 = CARTESIAN_POINT('',(5.070445395018,3.619800188584,2.7592272));
#1170 = DIRECTION('',(-1.332085812636E-02,0.999911273433,2.2E-16));
#1171 = DIRECTION('',(-0.999911273433,-1.332085812636E-02,0.));
#1172 = AXIS1_PLACEMENT('',#1173,#1174);
#1173 = CARTESIAN_POINT('',(-4.643296828565E-02,3.631565170481,2.7592272
    ));
#1174 = DIRECTION('',(0.,0.,1.));
#1175 = ADVANCED_FACE('',(#1176),#1198,.T.);
#1176 = FACE_BOUND('',#1177,.T.);
#1177 = EDGE_LOOP('',(#1178,#1186,#1187,#1188));
#1178 = ORIENTED_EDGE('',*,*,#1179,.F.);
#1179 = EDGE_CURVE('',#1150,#1180,#1182,.T.);
#1180 = VERTEX_POINT('',#1181);
#1181 = CARTESIAN_POINT('',(4.1698347,57.401641534243,2.7592272));
#1182 = LINE('',#1183,#1184);
#1183 = CARTESIAN_POINT('',(4.1698347,3.551641482281,2.7592272));
#1184 = VECTOR('',#1185,1.);
#1185 = DIRECTION('',(0.,1.,2.2E-16));
#1186 = ORIENTED_EDGE('',*,*,#1158,.T.);
#1187 = ORIENTED_EDGE('',*,*,#821,.T.);
#1188 = ORIENTED_EDGE('',*,*,#1189,.F.);
#1189 = EDGE_CURVE('',#1180,#814,#1190,.T.);
#1190 = ( BOUNDED_CURVE() B_SPLINE_CURVE(6,(#1191,#1192,#1193,#1194,
#1195,#1196,#1197),.UNSPECIFIED.,.F.,.F.) B_SPLINE_CURVE_WITH_KNOTS((7,7
),(18.234162,22.94655080718),.PIECEWISE_BEZIER_KNOTS.) CURVE() 
GEOMETRIC_REPRESENTATION_ITEM() RATIONAL_B_SPLINE_CURVE((1.,1.,1.,1.,1.,
1.,1.)) REPRESENTATION_ITEM('') );
#1191 = CARTESIAN_POINT('',(4.1698347,57.401641534243,2.7592272));
#1192 = CARTESIAN_POINT('',(4.1698347,57.401641534243,2.994845575328));
#1193 = CARTESIAN_POINT('',(4.243839046786,57.401641555606,
    3.230447837552));
#1194 = CARTESIAN_POINT('',(4.391965051076,57.401641598366,
    3.437096869954));
#1195 = CARTESIAN_POINT('',(4.598614085456,57.401641658021,
    3.585222861659));
#1196 = CARTESIAN_POINT('',(4.834216338275,57.401641726033,3.6592272));
#1197 = CARTESIAN_POINT('',(5.0698347,57.401641794051,3.6592272));
#1198 = SURFACE_OF_LINEAR_EXTRUSION('',#1199,#1204);
#1199 = CIRCLE('',#1200,0.9);
#1200 = AXIS2_PLACEMENT_3D('',#1201,#1202,#1203);
#1201 = CARTESIAN_POINT('',(5.0698347,3.551641794051,2.7592272));
#1202 = DIRECTION('',(-3.4641020618E-07,1.,2.2E-16));
#1203 = DIRECTION('',(-1.,-3.4641020618E-07,0.));
#1204 = VECTOR('',#1205,1.);
#1205 = DIRECTION('',(0.,1.,0.));
#1206 = ADVANCED_FACE('',(#1207),#1233,.T.);
#1207 = FACE_BOUND('',#1208,.T.);
#1208 = EDGE_LOOP('',(#1209,#1217,#1218,#1227));
#1209 = ORIENTED_EDGE('',*,*,#1210,.T.);
#1210 = EDGE_CURVE('',#1211,#814,#1213,.T.);
#1211 = VERTEX_POINT('',#1212);
#1212 = CARTESIAN_POINT('',(5.069834656699,57.55164179405,3.5092272));
#1213 = ( BOUNDED_CURVE() B_SPLINE_CURVE(2,(#1214,#1215,#1216),
.UNSPECIFIED.,.F.,.F.) B_SPLINE_CURVE_WITH_KNOTS((3,3),(0.,4.71238880718
),.PIECEWISE_BEZIER_KNOTS.) CURVE() GEOMETRIC_REPRESENTATION_ITEM() 
RATIONAL_B_SPLINE_CURVE((1.,0.707106781187,1.)) REPRESENTATION_ITEM('') 
  );
#1214 = CARTESIAN_POINT('',(5.069834656699,57.55164179405,3.5092272));
#1215 = CARTESIAN_POINT('',(5.069834648039,57.55164179405,3.6592272));
#1216 = CARTESIAN_POINT('',(5.0698347,57.401641794051,3.6592272));
#1217 = ORIENTED_EDGE('',*,*,#813,.T.);
#1218 = ORIENTED_EDGE('',*,*,#1219,.F.);
#1219 = EDGE_CURVE('',#1220,#806,#1222,.T.);
#1220 = VERTEX_POINT('',#1221);
#1221 = CARTESIAN_POINT('',(6.818006648038,57.551642399635,3.5092272));
#1222 = CIRCLE('',#1223,0.15);
#1223 = AXIS2_PLACEMENT_3D('',#1224,#1225,#1226);
#1224 = CARTESIAN_POINT('',(6.8180067,57.401642399635,3.5092272));
#1225 = DIRECTION('',(1.,3.4641020618E-07,-0.));
#1226 = DIRECTION('',(-3.4641020618E-07,1.,0.));
#1227 = ORIENTED_EDGE('',*,*,#1228,.F.);
#1228 = EDGE_CURVE('',#1211,#1220,#1229,.T.);
#1229 = LINE('',#1230,#1231);
#1230 = CARTESIAN_POINT('',(5.0698347,57.551641794051,3.5092272));
#1231 = VECTOR('',#1232,1.);
#1232 = DIRECTION('',(1.,3.4641020618E-07,0.));
#1233 = CYLINDRICAL_SURFACE('',#1234,0.15);
#1234 = AXIS2_PLACEMENT_3D('',#1235,#1236,#1237);
#1235 = CARTESIAN_POINT('',(5.069834751962,57.401641794051,3.5092272));
#1236 = DIRECTION('',(1.,3.4641020618E-07,0.));
#1237 = DIRECTION('',(-3.4641020618E-07,1.,0.));
#1238 = ADVANCED_FACE('',(#1239),#1251,.T.);
#1239 = FACE_BOUND('',#1240,.T.);
#1240 = EDGE_LOOP('',(#1241,#1242,#1249,#1250));
#1241 = ORIENTED_EDGE('',*,*,#1126,.F.);
#1242 = ORIENTED_EDGE('',*,*,#1243,.T.);
#1243 = EDGE_CURVE('',#1127,#887,#1244,.T.);
#1244 = CIRCLE('',#1245,0.75);
#1245 = AXIS2_PLACEMENT_3D('',#1246,#1247,#1248);
#1246 = CARTESIAN_POINT('',(-6.910872608885,57.711490319239,2.7592272));
#1247 = DIRECTION('',(0.,-1.,0.));
#1248 = DIRECTION('',(0.,0.,1.));
#1249 = ORIENTED_EDGE('',*,*,#886,.T.);
#1250 = ORIENTED_EDGE('',*,*,#845,.F.);
#1251 = TOROIDAL_SURFACE('',#1252,0.75,0.15);
#1252 = AXIS2_PLACEMENT_3D('',#1253,#1254,#1255);
#1253 = CARTESIAN_POINT('',(-6.910872608885,57.561490319239,2.7592272));
#1254 = DIRECTION('',(0.,-1.,0.));
#1255 = DIRECTION('',(0.,0.,1.));
#1256 = ADVANCED_FACE('',(#1257),#1272,.T.);
#1257 = FACE_BOUND('',#1258,.T.);
#1258 = EDGE_LOOP('',(#1259,#1260,#1261,#1262));
#1259 = ORIENTED_EDGE('',*,*,#1219,.T.);
#1260 = ORIENTED_EDGE('',*,*,#865,.T.);
#1261 = ORIENTED_EDGE('',*,*,#944,.F.);
#1262 = ORIENTED_EDGE('',*,*,#1263,.F.);
#1263 = EDGE_CURVE('',#1220,#945,#1264,.T.);
#1264 = ( BOUNDED_CURVE() B_SPLINE_CURVE(6,(#1265,#1266,#1267,#1268,
#1269,#1270,#1271),.UNSPECIFIED.,.F.,.F.) B_SPLINE_CURVE_WITH_KNOTS((7,7
),(28.773790633974,33.486179960769),.PIECEWISE_BEZIER_KNOTS.) CURVE() 
GEOMETRIC_REPRESENTATION_ITEM() RATIONAL_B_SPLINE_CURVE((1.,1.,1.,1.,1.,
1.,1.)) REPRESENTATION_ITEM('') );
#1265 = CARTESIAN_POINT('',(6.818006656699,57.551642399635,3.5092272));
#1266 = CARTESIAN_POINT('',(7.014355305902,57.551642467652,
    3.509227197733));
#1267 = CARTESIAN_POINT('',(7.210690522628,57.551642535665,
    3.447556904479));
#1268 = CARTESIAN_POINT('',(7.382898042536,57.551642595319,
    3.324118566945));
#1269 = CARTESIAN_POINT('',(7.506336365496,57.55164263808,3.151911043633
    ));
#1270 = CARTESIAN_POINT('',(7.568006648038,57.551642659443,
    2.955575835601));
#1271 = CARTESIAN_POINT('',(7.568006648038,57.551642659443,2.7592272));
#1272 = ( BOUNDED_SURFACE() B_SPLINE_SURFACE(2,6,(
    (#1273,#1274,#1275,#1276,#1277,#1278,#1279)
    ,(#1280,#1281,#1282,#1283,#1284,#1285,#1286)
    ,(#1287,#1288,#1289,#1290,#1291,#1292,#1293
)),.UNSPECIFIED.,.F.,.F.,.F.) B_SPLINE_SURFACE_WITH_KNOTS((3,3),(7,7),(
    0.,4.712389326796),(28.773790633974,33.486179960769),
.PIECEWISE_BEZIER_KNOTS.) GEOMETRIC_REPRESENTATION_ITEM() 
RATIONAL_B_SPLINE_SURFACE((
    (1.,1.,1.,1.,1.,1.,1.)
    ,(0.707106781187,0.707106749123,0.707106717062,0.70710668894
      ,0.707106668783,0.707106658712,0.707106658712)
,(1.,1.,1.,1.,1.,1.,1.))) REPRESENTATION_ITEM('') SURFACE() );
#1273 = CARTESIAN_POINT('',(6.818006656699,57.551642399635,3.5092272));
#1274 = CARTESIAN_POINT('',(7.014355305902,57.551642467652,
    3.509227197733));
#1275 = CARTESIAN_POINT('',(7.210690522628,57.551642535665,
    3.447556904479));
#1276 = CARTESIAN_POINT('',(7.382898042536,57.551642595319,
    3.324118566945));
#1277 = CARTESIAN_POINT('',(7.506336365496,57.55164263808,3.151911043633
    ));
#1278 = CARTESIAN_POINT('',(7.568006648038,57.551642659443,
    2.955575835601));
#1279 = CARTESIAN_POINT('',(7.568006648038,57.551642659443,2.7592272));
#1280 = CARTESIAN_POINT('',(6.818006648038,57.551642399635,3.6592272));
#1281 = CARTESIAN_POINT('',(7.053625037767,57.551642481256,
    3.659227213603));
#1282 = CARTESIAN_POINT('',(7.289227314662,57.551642562871,
    3.585222871334));
#1283 = CARTESIAN_POINT('',(7.49587635271,57.551642634456,3.437096867231
    ));
#1284 = CARTESIAN_POINT('',(7.644002351592,57.551642685769,3.23044783832
    ));
#1285 = CARTESIAN_POINT('',(7.7180067,57.551642711404,2.994845579045));
#1286 = CARTESIAN_POINT('',(7.7180067,57.551642711404,2.7592272));
#1287 = CARTESIAN_POINT('',(6.8180067,57.401642399635,3.6592272));
#1288 = CARTESIAN_POINT('',(7.053625079044,57.401642467652,3.6592272));
#1289 = CARTESIAN_POINT('',(7.289227340807,57.401642535665,
    3.585222850813));
#1290 = CARTESIAN_POINT('',(7.495876368201,57.401642595319,
    3.437096847171));
#1291 = CARTESIAN_POINT('',(7.644002359258,57.40164263808,3.230447817799
    ));
#1292 = CARTESIAN_POINT('',(7.7180067,57.401642659443,2.994845565442));
#1293 = CARTESIAN_POINT('',(7.7180067,57.401642659443,2.7592272));
#1294 = ADVANCED_FACE('',(#1295),#1341,.F.);
#1295 = FACE_BOUND('',#1296,.F.);
#1296 = EDGE_LOOP('',(#1297,#1298,#1307,#1315,#1324,#1332,#1339,#1340));
#1297 = ORIENTED_EDGE('',*,*,#905,.T.);
#1298 = ORIENTED_EDGE('',*,*,#1299,.T.);
#1299 = EDGE_CURVE('',#897,#1300,#1302,.T.);
#1300 = VERTEX_POINT('',#1301);
#1301 = CARTESIAN_POINT('',(-6.910872608885,57.711490319239,-3.4610214)
  );
#1302 = CIRCLE('',#1303,0.75);
#1303 = AXIS2_PLACEMENT_3D('',#1304,#1305,#1306);
#1304 = CARTESIAN_POINT('',(-6.910872608885,57.711490319239,-2.7110214)
  );
#1305 = DIRECTION('',(0.,-1.,0.));
#1306 = DIRECTION('',(-1.,0.,0.));
#1307 = ORIENTED_EDGE('',*,*,#1308,.T.);
#1308 = EDGE_CURVE('',#1300,#1309,#1311,.T.);
#1309 = VERTEX_POINT('',#1310);
#1310 = CARTESIAN_POINT('',(-5.162700608885,57.711490319239,-3.4610214)
  );
#1311 = LINE('',#1312,#1313);
#1312 = CARTESIAN_POINT('',(-6.910872608885,57.711490319239,-3.4610214)
  );
#1313 = VECTOR('',#1314,1.);
#1314 = DIRECTION('',(1.,0.,0.));
#1315 = ORIENTED_EDGE('',*,*,#1316,.T.);
#1316 = EDGE_CURVE('',#1309,#1317,#1319,.T.);
#1317 = VERTEX_POINT('',#1318);
#1318 = CARTESIAN_POINT('',(-4.412700608885,57.711490319239,-2.7110214)
  );
#1319 = CIRCLE('',#1320,0.75);
#1320 = AXIS2_PLACEMENT_3D('',#1321,#1322,#1323);
#1321 = CARTESIAN_POINT('',(-5.162700608885,57.711490319239,-2.7110214)
  );
#1322 = DIRECTION('',(0.,-1.,0.));
#1323 = DIRECTION('',(0.,0.,-1.));
#1324 = ORIENTED_EDGE('',*,*,#1325,.T.);
#1325 = EDGE_CURVE('',#1317,#1326,#1328,.T.);
#1326 = VERTEX_POINT('',#1327);
#1327 = CARTESIAN_POINT('',(-4.412700608885,57.711490319239,2.7592272));
#1328 = LINE('',#1329,#1330);
#1329 = CARTESIAN_POINT('',(-4.412700608885,57.711490319239,-2.7110214)
  );
#1330 = VECTOR('',#1331,1.);
#1331 = DIRECTION('',(0.,2.2E-16,1.));
#1332 = ORIENTED_EDGE('',*,*,#1333,.T.);
#1333 = EDGE_CURVE('',#1326,#1117,#1334,.T.);
#1334 = CIRCLE('',#1335,0.75);
#1335 = AXIS2_PLACEMENT_3D('',#1336,#1337,#1338);
#1336 = CARTESIAN_POINT('',(-5.162700608885,57.711490319239,2.7592272));
#1337 = DIRECTION('',(0.,-1.,0.));
#1338 = DIRECTION('',(1.,0.,0.));
#1339 = ORIENTED_EDGE('',*,*,#1135,.T.);
#1340 = ORIENTED_EDGE('',*,*,#1243,.T.);
#1341 = PLANE('',#1342);
#1342 = AXIS2_PLACEMENT_3D('',#1343,#1344,#1345);
#1343 = CARTESIAN_POINT('',(-6.036786608885,57.711490319239,
    2.410290000001E-02));
#1344 = DIRECTION('',(-0.,-1.,-0.));
#1345 = DIRECTION('',(0.,0.,-1.));
#1346 = ADVANCED_FACE('',(#1347),#1359,.T.);
#1347 = FACE_BOUND('',#1348,.T.);
#1348 = EDGE_LOOP('',(#1349,#1350,#1351,#1358));
#1349 = ORIENTED_EDGE('',*,*,#896,.F.);
#1350 = ORIENTED_EDGE('',*,*,#1299,.T.);
#1351 = ORIENTED_EDGE('',*,*,#1352,.T.);
#1352 = EDGE_CURVE('',#1300,#921,#1353,.T.);
#1353 = CIRCLE('',#1354,0.15);
#1354 = AXIS2_PLACEMENT_3D('',#1355,#1356,#1357);
#1355 = CARTESIAN_POINT('',(-6.910872608885,57.561490319239,-3.4610214)
  );
#1356 = DIRECTION('',(-1.,0.,6.E-17));
#1357 = DIRECTION('',(-6.E-17,0.,-1.));
#1358 = ORIENTED_EDGE('',*,*,#920,.F.);
#1359 = TOROIDAL_SURFACE('',#1360,0.75,0.15);
#1360 = AXIS2_PLACEMENT_3D('',#1361,#1362,#1363);
#1361 = CARTESIAN_POINT('',(-6.910872608885,57.561490319239,-2.7110214)
  );
#1362 = DIRECTION('',(0.,-1.,0.));
#1363 = DIRECTION('',(-1.,0.,0.));
#1364 = ADVANCED_FACE('',(#1365),#1420,.T.);
#1365 = FACE_BOUND('',#1366,.T.);
#1366 = EDGE_LOOP('',(#1367,#1377,#1387,#1388,#1389,#1390,#1402,#1410));
#1367 = ORIENTED_EDGE('',*,*,#1368,.T.);
#1368 = EDGE_CURVE('',#1369,#1371,#1373,.T.);
#1369 = VERTEX_POINT('',#1370);
#1370 = CARTESIAN_POINT('',(4.319834648039,57.551641534243,-2.7110214));
#1371 = VERTEX_POINT('',#1372);
#1372 = CARTESIAN_POINT('',(4.319834648039,57.551641534243,2.7592272));
#1373 = LINE('',#1374,#1375);
#1374 = CARTESIAN_POINT('',(4.319834648039,57.551641534243,-2.7110214));
#1375 = VECTOR('',#1376,1.);
#1376 = DIRECTION('',(0.,-2.2E-16,1.));
#1377 = ORIENTED_EDGE('',*,*,#1378,.T.);
#1378 = EDGE_CURVE('',#1371,#1211,#1379,.T.);
#1379 = ( BOUNDED_CURVE() B_SPLINE_CURVE(6,(#1380,#1381,#1382,#1383,
#1384,#1385,#1386),.UNSPECIFIED.,.F.,.F.) B_SPLINE_CURVE_WITH_KNOTS((7,7
),(18.234162,22.94655080718),.PIECEWISE_BEZIER_KNOTS.) CURVE() 
GEOMETRIC_REPRESENTATION_ITEM() RATIONAL_B_SPLINE_CURVE((1.,1.,1.,1.,1.,
1.,1.)) REPRESENTATION_ITEM('') );
#1380 = CARTESIAN_POINT('',(4.319834648039,57.551641534243,2.7592272));
#1381 = CARTESIAN_POINT('',(4.319834648039,57.551641534243,
    2.955575848374));
#1382 = CARTESIAN_POINT('',(4.381504938436,57.551641555606,
    3.151911069159));
#1383 = CARTESIAN_POINT('',(4.504943278265,57.551641598366,
    3.324118597326));
#1384 = CARTESIAN_POINT('',(4.677150809835,57.551641658021,
    3.447556922582));
#1385 = CARTESIAN_POINT('',(4.873486021928,57.551641726033,
    3.509227202267));
#1386 = CARTESIAN_POINT('',(5.069834656699,57.55164179405,3.5092272));
#1387 = ORIENTED_EDGE('',*,*,#1228,.T.);
#1388 = ORIENTED_EDGE('',*,*,#1263,.T.);
#1389 = ORIENTED_EDGE('',*,*,#962,.T.);
#1390 = ORIENTED_EDGE('',*,*,#1391,.T.);
#1391 = EDGE_CURVE('',#954,#1392,#1394,.T.);
#1392 = VERTEX_POINT('',#1393);
#1393 = CARTESIAN_POINT('',(6.818006656699,57.551642399635,-3.4610214));
#1394 = ( BOUNDED_CURVE() B_SPLINE_CURVE(6,(#1395,#1396,#1397,#1398,
#1399,#1400,#1401),.UNSPECIFIED.,.F.,.F.) B_SPLINE_CURVE_WITH_KNOTS((7,7
),(51.720341960769,56.432731287565),.PIECEWISE_BEZIER_KNOTS.) CURVE() 
GEOMETRIC_REPRESENTATION_ITEM() RATIONAL_B_SPLINE_CURVE((1.,1.,1.,1.,1.,
1.,1.)) REPRESENTATION_ITEM('') );
#1395 = CARTESIAN_POINT('',(7.568006648038,57.551642659443,-2.7110214));
#1396 = CARTESIAN_POINT('',(7.568006648038,57.551642659443,
    -2.907370035601));
#1397 = CARTESIAN_POINT('',(7.506336365496,57.55164263808,
    -3.103705243633));
#1398 = CARTESIAN_POINT('',(7.382898042536,57.551642595319,
    -3.275912766945));
#1399 = CARTESIAN_POINT('',(7.210690522628,57.551642535665,
    -3.399351104479));
#1400 = CARTESIAN_POINT('',(7.014355305902,57.551642467652,
    -3.461021397733));
#1401 = CARTESIAN_POINT('',(6.818006656699,57.551642399635,-3.4610214));
#1402 = ORIENTED_EDGE('',*,*,#1403,.T.);
#1403 = EDGE_CURVE('',#1392,#1404,#1406,.T.);
#1404 = VERTEX_POINT('',#1405);
#1405 = CARTESIAN_POINT('',(5.069834648039,57.55164179405,-3.4610214));
#1406 = LINE('',#1407,#1408);
#1407 = CARTESIAN_POINT('',(6.8180067,57.551642399635,-3.4610214));
#1408 = VECTOR('',#1409,1.);
#1409 = DIRECTION('',(-1.,-3.4641020618E-07,0.));
#1410 = ORIENTED_EDGE('',*,*,#1411,.T.);
#1411 = EDGE_CURVE('',#1404,#1369,#1412,.T.);
#1412 = ( BOUNDED_CURVE() B_SPLINE_CURVE(6,(#1413,#1414,#1415,#1416,
#1417,#1418,#1419),.UNSPECIFIED.,.F.,.F.) B_SPLINE_CURVE_WITH_KNOTS((7,7
),(62.259971114359,66.972359921539),.PIECEWISE_BEZIER_KNOTS.) CURVE() 
GEOMETRIC_REPRESENTATION_ITEM() RATIONAL_B_SPLINE_CURVE((1.,1.,1.,1.,1.,
1.,1.)) REPRESENTATION_ITEM('') );
#1413 = CARTESIAN_POINT('',(5.069834656699,57.55164179405,-3.4610214));
#1414 = CARTESIAN_POINT('',(4.873486021928,57.551641726033,
    -3.461021402267));
#1415 = CARTESIAN_POINT('',(4.677150809835,57.551641658021,
    -3.399351122582));
#1416 = CARTESIAN_POINT('',(4.504943278265,57.551641598366,
    -3.275912797326));
#1417 = CARTESIAN_POINT('',(4.381504938436,57.551641555606,
    -3.103705269159));
#1418 = CARTESIAN_POINT('',(4.319834648039,57.551641534243,
    -2.907370048374));
#1419 = CARTESIAN_POINT('',(4.319834648039,57.551641534243,-2.7110214));
#1420 = PLANE('',#1421);
#1421 = AXIS2_PLACEMENT_3D('',#1422,#1423,#1424);
#1422 = CARTESIAN_POINT('',(5.9439207,57.551642096843,2.410290000001E-02
    ));
#1423 = DIRECTION('',(-3.4641020603E-07,1.,0.));
#1424 = DIRECTION('',(1.,3.4641020603E-07,0.));
#1425 = ADVANCED_FACE('',(#1426),#1437,.T.);
#1426 = FACE_BOUND('',#1427,.T.);
#1427 = EDGE_LOOP('',(#1428,#1429,#1430,#1436));
#1428 = ORIENTED_EDGE('',*,*,#953,.T.);
#1429 = ORIENTED_EDGE('',*,*,#986,.T.);
#1430 = ORIENTED_EDGE('',*,*,#1431,.F.);
#1431 = EDGE_CURVE('',#1392,#979,#1432,.T.);
#1432 = ( BOUNDED_CURVE() B_SPLINE_CURVE(2,(#1433,#1434,#1435),
.UNSPECIFIED.,.F.,.F.) B_SPLINE_CURVE_WITH_KNOTS((3,3),(0.,
4.712389326796),.PIECEWISE_BEZIER_KNOTS.) CURVE() 
GEOMETRIC_REPRESENTATION_ITEM() RATIONAL_B_SPLINE_CURVE((1.,
0.707106781187,1.)) REPRESENTATION_ITEM('') );
#1433 = CARTESIAN_POINT('',(6.818006656699,57.551642399635,-3.4610214));
#1434 = CARTESIAN_POINT('',(6.818006648038,57.551642399635,-3.6110214));
#1435 = CARTESIAN_POINT('',(6.8180067,57.401642399635,-3.6110214));
#1436 = ORIENTED_EDGE('',*,*,#1391,.F.);
#1437 = ( BOUNDED_SURFACE() B_SPLINE_SURFACE(2,6,(
    (#1438,#1439,#1440,#1441,#1442,#1443,#1444)
    ,(#1445,#1446,#1447,#1448,#1449,#1450,#1451)
    ,(#1452,#1453,#1454,#1455,#1456,#1457,#1458
)),.UNSPECIFIED.,.F.,.F.,.F.) B_SPLINE_SURFACE_WITH_KNOTS((3,3),(7,7),(
    0.,4.712389326796),(51.720341960769,56.432731287565),
.PIECEWISE_BEZIER_KNOTS.) GEOMETRIC_REPRESENTATION_ITEM() 
RATIONAL_B_SPLINE_SURFACE((
    (1.,1.,1.,1.,1.,1.,1.)
    ,(0.707106658712,0.707106658712,0.707106668783,0.70710668894
      ,0.707106717062,0.707106749123,0.707106781187)
,(1.,1.,1.,1.,1.,1.,1.))) REPRESENTATION_ITEM('') SURFACE() );
#1438 = CARTESIAN_POINT('',(7.568006648038,57.551642659443,-2.7110214));
#1439 = CARTESIAN_POINT('',(7.568006648038,57.551642659443,
    -2.907370035601));
#1440 = CARTESIAN_POINT('',(7.506336365496,57.55164263808,
    -3.103705243633));
#1441 = CARTESIAN_POINT('',(7.382898042536,57.551642595319,
    -3.275912766945));
#1442 = CARTESIAN_POINT('',(7.210690522628,57.551642535665,
    -3.399351104479));
#1443 = CARTESIAN_POINT('',(7.014355305902,57.551642467652,
    -3.461021397733));
#1444 = CARTESIAN_POINT('',(6.818006656699,57.551642399635,-3.4610214));
#1445 = CARTESIAN_POINT('',(7.7180067,57.551642711404,-2.7110214));
#1446 = CARTESIAN_POINT('',(7.7180067,57.551642711404,-2.946639779045));
#1447 = CARTESIAN_POINT('',(7.644002351592,57.551642685769,
    -3.18224203832));
#1448 = CARTESIAN_POINT('',(7.49587635271,57.551642634456,
    -3.388891067231));
#1449 = CARTESIAN_POINT('',(7.289227314662,57.551642562871,
    -3.537017071334));
#1450 = CARTESIAN_POINT('',(7.053625037767,57.551642481256,
    -3.611021413603));
#1451 = CARTESIAN_POINT('',(6.818006648038,57.551642399635,-3.6110214));
#1452 = CARTESIAN_POINT('',(7.7180067,57.401642659443,-2.7110214));
#1453 = CARTESIAN_POINT('',(7.7180067,57.401642659443,-2.946639765442));
#1454 = CARTESIAN_POINT('',(7.644002359258,57.40164263808,
    -3.182242017799));
#1455 = CARTESIAN_POINT('',(7.495876368201,57.401642595319,
    -3.388891047171));
#1456 = CARTESIAN_POINT('',(7.289227340807,57.401642535665,
    -3.537017050813));
#1457 = CARTESIAN_POINT('',(7.053625079044,57.401642467652,-3.6110214));
#1458 = CARTESIAN_POINT('',(6.8180067,57.401642399635,-3.6110214));
#1459 = ADVANCED_FACE('',(#1460),#1472,.T.);
#1460 = FACE_BOUND('',#1461,.F.);
#1461 = EDGE_LOOP('',(#1462,#1463,#1464,#1471));
#1462 = ORIENTED_EDGE('',*,*,#1352,.T.);
#1463 = ORIENTED_EDGE('',*,*,#1008,.T.);
#1464 = ORIENTED_EDGE('',*,*,#1465,.F.);
#1465 = EDGE_CURVE('',#1309,#1009,#1466,.T.);
#1466 = CIRCLE('',#1467,0.15);
#1467 = AXIS2_PLACEMENT_3D('',#1468,#1469,#1470);
#1468 = CARTESIAN_POINT('',(-5.162700608885,57.561490319239,-3.4610214)
  );
#1469 = DIRECTION('',(-1.,0.,0.));
#1470 = DIRECTION('',(0.,1.,0.));
#1471 = ORIENTED_EDGE('',*,*,#1308,.F.);
#1472 = CYLINDRICAL_SURFACE('',#1473,0.15);
#1473 = AXIS2_PLACEMENT_3D('',#1474,#1475,#1476);
#1474 = CARTESIAN_POINT('',(-6.910872608885,57.561490319239,-3.4610214)
  );
#1475 = DIRECTION('',(1.,0.,0.));
#1476 = DIRECTION('',(0.,1.,0.));
#1477 = ADVANCED_FACE('',(#1478),#1505,.T.);
#1478 = FACE_BOUND('',#1479,.T.);
#1479 = EDGE_LOOP('',(#1480,#1481,#1490,#1498));
#1480 = ORIENTED_EDGE('',*,*,#1016,.F.);
#1481 = ORIENTED_EDGE('',*,*,#1482,.T.);
#1482 = EDGE_CURVE('',#1009,#1483,#1485,.T.);
#1483 = VERTEX_POINT('',#1484);
#1484 = CARTESIAN_POINT('',(-4.262700608885,57.561490319239,-2.7110214)
  );
#1485 = CIRCLE('',#1486,0.9);
#1486 = AXIS2_PLACEMENT_3D('',#1487,#1488,#1489);
#1487 = CARTESIAN_POINT('',(-5.162700608885,57.561490319239,-2.7110214)
  );
#1488 = DIRECTION('',(0.,-1.,0.));
#1489 = DIRECTION('',(0.,0.,-1.));
#1490 = ORIENTED_EDGE('',*,*,#1491,.T.);
#1491 = EDGE_CURVE('',#1483,#1492,#1494,.T.);
#1492 = VERTEX_POINT('',#1493);
#1493 = CARTESIAN_POINT('',(-4.262700608885,3.711490319239,-2.7110214));
#1494 = LINE('',#1495,#1496);
#1495 = CARTESIAN_POINT('',(-4.262700608885,3.711490319239,-2.7110214));
#1496 = VECTOR('',#1497,1.);
#1497 = DIRECTION('',(0.,-1.,0.));
#1498 = ORIENTED_EDGE('',*,*,#1499,.F.);
#1499 = EDGE_CURVE('',#1017,#1492,#1500,.T.);
#1500 = CIRCLE('',#1501,0.9);
#1501 = AXIS2_PLACEMENT_3D('',#1502,#1503,#1504);
#1502 = CARTESIAN_POINT('',(-5.162700608885,3.711490319239,-2.7110214));
#1503 = DIRECTION('',(0.,-1.,0.));
#1504 = DIRECTION('',(1.,0.,0.));
#1505 = CYLINDRICAL_SURFACE('',#1506,0.9);
#1506 = AXIS2_PLACEMENT_3D('',#1507,#1508,#1509);
#1507 = CARTESIAN_POINT('',(-5.162700608885,3.711490319239,-2.7110214));
#1508 = DIRECTION('',(0.,-1.,0.));
#1509 = DIRECTION('',(1.,0.,0.));
#1510 = ADVANCED_FACE('',(#1511),#1531,.F.);
#1511 = FACE_BOUND('',#1512,.F.);
#1512 = EDGE_LOOP('',(#1513,#1514,#1523,#1530));
#1513 = ORIENTED_EDGE('',*,*,#1024,.T.);
#1514 = ORIENTED_EDGE('',*,*,#1515,.T.);
#1515 = EDGE_CURVE('',#1025,#1516,#1518,.T.);
#1516 = VERTEX_POINT('',#1517);
#1517 = CARTESIAN_POINT('',(4.1698347,3.551641482281,-2.7110214));
#1518 = CIRCLE('',#1519,0.9);
#1519 = AXIS2_PLACEMENT_3D('',#1520,#1521,#1522);
#1520 = CARTESIAN_POINT('',(5.0698347,3.551641794051,-2.7110214));
#1521 = DIRECTION('',(-3.4641020618E-07,1.,2.2E-16));
#1522 = DIRECTION('',(-1.,-3.4641020618E-07,0.));
#1523 = ORIENTED_EDGE('',*,*,#1524,.F.);
#1524 = EDGE_CURVE('',#1492,#1516,#1525,.T.);
#1525 = CIRCLE('',#1526,4.217025118086);
#1526 = AXIS2_PLACEMENT_3D('',#1527,#1528,#1529);
#1527 = CARTESIAN_POINT('',(-4.643296828565E-02,3.631565170481,
    -2.7110214));
#1528 = DIRECTION('',(-0.,0.,1.));
#1529 = DIRECTION('',(0.999984135529,-5.632822557552E-03,0.));
#1530 = ORIENTED_EDGE('',*,*,#1499,.F.);
#1531 = SURFACE_OF_REVOLUTION('',#1532,#1537);
#1532 = CIRCLE('',#1533,0.9);
#1533 = AXIS2_PLACEMENT_3D('',#1534,#1535,#1536);
#1534 = CARTESIAN_POINT('',(5.070445395018,3.619800188584,-2.7110214));
#1535 = DIRECTION('',(-1.332085812636E-02,0.999911273433,2.2E-16));
#1536 = DIRECTION('',(-0.999911273433,-1.332085812636E-02,0.));
#1537 = AXIS1_PLACEMENT('',#1538,#1539);
#1538 = CARTESIAN_POINT('',(-4.643296828565E-02,3.631565170481,
    -2.7110214));
#1539 = DIRECTION('',(0.,0.,1.));
#1540 = ADVANCED_FACE('',(#1541),#1553,.T.);
#1541 = FACE_BOUND('',#1542,.T.);
#1542 = EDGE_LOOP('',(#1543,#1544,#1545,#1552));
#1543 = ORIENTED_EDGE('',*,*,#1431,.T.);
#1544 = ORIENTED_EDGE('',*,*,#1041,.T.);
#1545 = ORIENTED_EDGE('',*,*,#1546,.F.);
#1546 = EDGE_CURVE('',#1404,#1034,#1547,.T.);
#1547 = CIRCLE('',#1548,0.15);
#1548 = AXIS2_PLACEMENT_3D('',#1549,#1550,#1551);
#1549 = CARTESIAN_POINT('',(5.0698347,57.401641794051,-3.4610214));
#1550 = DIRECTION('',(-1.,-3.4641020618E-07,-0.));
#1551 = DIRECTION('',(-3.4641020618E-07,1.,0.));
#1552 = ORIENTED_EDGE('',*,*,#1403,.F.);
#1553 = CYLINDRICAL_SURFACE('',#1554,0.15);
#1554 = AXIS2_PLACEMENT_3D('',#1555,#1556,#1557);
#1555 = CARTESIAN_POINT('',(6.818006751961,57.401642399635,-3.4610214));
#1556 = DIRECTION('',(-1.,-3.4641020618E-07,0.));
#1557 = DIRECTION('',(-3.4641020618E-07,1.,0.));
#1558 = ADVANCED_FACE('',(#1559),#1581,.T.);
#1559 = FACE_BOUND('',#1560,.T.);
#1560 = EDGE_LOOP('',(#1561,#1562,#1563,#1571));
#1561 = ORIENTED_EDGE('',*,*,#1033,.F.);
#1562 = ORIENTED_EDGE('',*,*,#1515,.T.);
#1563 = ORIENTED_EDGE('',*,*,#1564,.T.);
#1564 = EDGE_CURVE('',#1516,#1565,#1567,.T.);
#1565 = VERTEX_POINT('',#1566);
#1566 = CARTESIAN_POINT('',(4.1698347,57.401641534243,-2.7110214));
#1567 = LINE('',#1568,#1569);
#1568 = CARTESIAN_POINT('',(4.1698347,3.551641482281,-2.7110214));
#1569 = VECTOR('',#1570,1.);
#1570 = DIRECTION('',(0.,1.,0.));
#1571 = ORIENTED_EDGE('',*,*,#1572,.F.);
#1572 = EDGE_CURVE('',#1034,#1565,#1573,.T.);
#1573 = ( BOUNDED_CURVE() B_SPLINE_CURVE(6,(#1574,#1575,#1576,#1577,
#1578,#1579,#1580),.UNSPECIFIED.,.F.,.F.) B_SPLINE_CURVE_WITH_KNOTS((7,7
),(62.259971114359,66.972359921539),.PIECEWISE_BEZIER_KNOTS.) CURVE() 
GEOMETRIC_REPRESENTATION_ITEM() RATIONAL_B_SPLINE_CURVE((1.,1.,1.,1.,1.,
1.,1.)) REPRESENTATION_ITEM('') );
#1574 = CARTESIAN_POINT('',(5.0698347,57.401641794051,-3.6110214));
#1575 = CARTESIAN_POINT('',(4.834216338275,57.401641726033,-3.6110214));
#1576 = CARTESIAN_POINT('',(4.598614085456,57.401641658021,
    -3.537017061659));
#1577 = CARTESIAN_POINT('',(4.391965051076,57.401641598366,
    -3.388891069954));
#1578 = CARTESIAN_POINT('',(4.243839046786,57.401641555606,
    -3.182242037552));
#1579 = CARTESIAN_POINT('',(4.1698347,57.401641534243,-2.946639775328));
#1580 = CARTESIAN_POINT('',(4.1698347,57.401641534243,-2.7110214));
#1581 = SURFACE_OF_LINEAR_EXTRUSION('',#1582,#1587);
#1582 = CIRCLE('',#1583,0.9);
#1583 = AXIS2_PLACEMENT_3D('',#1584,#1585,#1586);
#1584 = CARTESIAN_POINT('',(5.0698347,3.551641794051,-2.7110214));
#1585 = DIRECTION('',(-3.4641020618E-07,1.,2.2E-16));
#1586 = DIRECTION('',(-1.,-3.4641020618E-07,0.));
#1587 = VECTOR('',#1588,1.);
#1588 = DIRECTION('',(0.,1.,0.));
#1589 = ADVANCED_FACE('',(#1590),#1593,.T.);
#1590 = FACE_BOUND('',#1591,.T.);
#1591 = EDGE_LOOP('',(#1592));
#1592 = ORIENTED_EDGE('',*,*,#1068,.T.);
#1593 = PLANE('',#1594);
#1594 = AXIS2_PLACEMENT_3D('',#1595,#1596,#1597);
#1595 = CARTESIAN_POINT('',(-1.2E-16,-29.3161692,3.6E-17));
#1596 = DIRECTION('',(0.,-1.,2.2E-16));
#1597 = DIRECTION('',(1.,0.,0.));
#1598 = ADVANCED_FACE('',(#1599),#1615,.T.);
#1599 = FACE_BOUND('',#1600,.T.);
#1600 = EDGE_LOOP('',(#1601,#1602,#1608,#1609));
#1601 = ORIENTED_EDGE('',*,*,#1491,.F.);
#1602 = ORIENTED_EDGE('',*,*,#1603,.T.);
#1603 = EDGE_CURVE('',#1483,#1084,#1604,.T.);
#1604 = LINE('',#1605,#1606);
#1605 = CARTESIAN_POINT('',(-4.262700608885,57.561490319239,-2.7110214)
  );
#1606 = VECTOR('',#1607,1.);
#1607 = DIRECTION('',(0.,2.2E-16,1.));
#1608 = ORIENTED_EDGE('',*,*,#1083,.T.);
#1609 = ORIENTED_EDGE('',*,*,#1610,.F.);
#1610 = EDGE_CURVE('',#1492,#1086,#1611,.T.);
#1611 = LINE('',#1612,#1613);
#1612 = CARTESIAN_POINT('',(-4.262700608885,3.711490319239,-2.7110214));
#1613 = VECTOR('',#1614,1.);
#1614 = DIRECTION('',(0.,2.2E-16,1.));
#1615 = PLANE('',#1616);
#1616 = AXIS2_PLACEMENT_3D('',#1617,#1618,#1619);
#1617 = CARTESIAN_POINT('',(-4.262700608885,3.711490319239,-2.7110214));
#1618 = DIRECTION('',(1.,0.,0.));
#1619 = DIRECTION('',(0.,2.2E-16,1.));
#1620 = ADVANCED_FACE('',(#1621),#1633,.T.);
#1621 = FACE_BOUND('',#1622,.T.);
#1622 = EDGE_LOOP('',(#1623,#1630,#1631,#1632));
#1623 = ORIENTED_EDGE('',*,*,#1624,.F.);
#1624 = EDGE_CURVE('',#1326,#1084,#1625,.T.);
#1625 = CIRCLE('',#1626,0.15);
#1626 = AXIS2_PLACEMENT_3D('',#1627,#1628,#1629);
#1627 = CARTESIAN_POINT('',(-4.412700608885,57.561490319239,2.7592272));
#1628 = DIRECTION('',(0.,-2.2E-16,-1.));
#1629 = DIRECTION('',(0.,1.,-2.2E-16));
#1630 = ORIENTED_EDGE('',*,*,#1333,.T.);
#1631 = ORIENTED_EDGE('',*,*,#1116,.T.);
#1632 = ORIENTED_EDGE('',*,*,#1093,.F.);
#1633 = TOROIDAL_SURFACE('',#1634,0.75,0.15);
#1634 = AXIS2_PLACEMENT_3D('',#1635,#1636,#1637);
#1635 = CARTESIAN_POINT('',(-5.162700608885,57.561490319239,2.7592272));
#1636 = DIRECTION('',(0.,-1.,0.));
#1637 = DIRECTION('',(1.,0.,0.));
#1638 = ADVANCED_FACE('',(#1639),#1650,.F.);
#1639 = FACE_BOUND('',#1640,.F.);
#1640 = EDGE_LOOP('',(#1641,#1642,#1648,#1649));
#1641 = ORIENTED_EDGE('',*,*,#1524,.T.);
#1642 = ORIENTED_EDGE('',*,*,#1643,.T.);
#1643 = EDGE_CURVE('',#1516,#1150,#1644,.T.);
#1644 = LINE('',#1645,#1646);
#1645 = CARTESIAN_POINT('',(4.1698347,3.551641482281,-2.7110214));
#1646 = VECTOR('',#1647,1.);
#1647 = DIRECTION('',(0.,0.,1.));
#1648 = ORIENTED_EDGE('',*,*,#1149,.F.);
#1649 = ORIENTED_EDGE('',*,*,#1610,.F.);
#1650 = CYLINDRICAL_SURFACE('',#1651,4.217025118086);
#1651 = AXIS2_PLACEMENT_3D('',#1652,#1653,#1654);
#1652 = CARTESIAN_POINT('',(-4.643296828565E-02,3.631565170481,
    -2.7110214));
#1653 = DIRECTION('',(0.,0.,1.));
#1654 = DIRECTION('',(0.999984135529,-5.632822557552E-03,0.));
#1655 = ADVANCED_FACE('',(#1656),#1667,.T.);
#1656 = FACE_BOUND('',#1657,.T.);
#1657 = EDGE_LOOP('',(#1658,#1659,#1660,#1661));
#1658 = ORIENTED_EDGE('',*,*,#1564,.F.);
#1659 = ORIENTED_EDGE('',*,*,#1643,.T.);
#1660 = ORIENTED_EDGE('',*,*,#1179,.T.);
#1661 = ORIENTED_EDGE('',*,*,#1662,.F.);
#1662 = EDGE_CURVE('',#1565,#1180,#1663,.T.);
#1663 = LINE('',#1664,#1665);
#1664 = CARTESIAN_POINT('',(4.1698347,57.401641534243,-2.7110214));
#1665 = VECTOR('',#1666,1.);
#1666 = DIRECTION('',(0.,-2.2E-16,1.));
#1667 = PLANE('',#1668);
#1668 = AXIS2_PLACEMENT_3D('',#1669,#1670,#1671);
#1669 = CARTESIAN_POINT('',(4.1698347,3.551641482281,-2.7110214));
#1670 = DIRECTION('',(-1.,0.,0.));
#1671 = DIRECTION('',(0.,-2.2E-16,1.));
#1672 = ADVANCED_FACE('',(#1673),#1685,.T.);
#1673 = FACE_BOUND('',#1674,.T.);
#1674 = EDGE_LOOP('',(#1675,#1682,#1683,#1684));
#1675 = ORIENTED_EDGE('',*,*,#1676,.T.);
#1676 = EDGE_CURVE('',#1371,#1180,#1677,.T.);
#1677 = CIRCLE('',#1678,0.15);
#1678 = AXIS2_PLACEMENT_3D('',#1679,#1680,#1681);
#1679 = CARTESIAN_POINT('',(4.3198347,57.401641534243,2.7592272));
#1680 = DIRECTION('',(1.175494350822E-38,-2.2E-16,1.));
#1681 = DIRECTION('',(-3.4641020603E-07,1.,2.2E-16));
#1682 = ORIENTED_EDGE('',*,*,#1189,.T.);
#1683 = ORIENTED_EDGE('',*,*,#1210,.F.);
#1684 = ORIENTED_EDGE('',*,*,#1378,.F.);
#1685 = ( BOUNDED_SURFACE() B_SPLINE_SURFACE(2,6,(
    (#1686,#1687,#1688,#1689,#1690,#1691,#1692)
    ,(#1693,#1694,#1695,#1696,#1697,#1698,#1699)
    ,(#1700,#1701,#1702,#1703,#1704,#1705,#1706
)),.UNSPECIFIED.,.F.,.F.,.F.) B_SPLINE_SURFACE_WITH_KNOTS((3,3),(7,7),(
    0.,4.71238880718),(18.234162,22.94655080718),
.PIECEWISE_BEZIER_KNOTS.) GEOMETRIC_REPRESENTATION_ITEM() 
RATIONAL_B_SPLINE_SURFACE((
    (1.,1.,1.,1.,1.,1.,1.)
    ,(0.707106903661,0.707106903661,0.70710689359,0.707106873433
      ,0.707106845312,0.70710681325,0.707106781187)
,(1.,1.,1.,1.,1.,1.,1.))) REPRESENTATION_ITEM('') SURFACE() );
#1686 = CARTESIAN_POINT('',(4.319834648039,57.551641534243,2.7592272));
#1687 = CARTESIAN_POINT('',(4.319834648039,57.551641534243,
    2.955575848374));
#1688 = CARTESIAN_POINT('',(4.381504938436,57.551641555606,
    3.151911069159));
#1689 = CARTESIAN_POINT('',(4.504943278265,57.551641598366,
    3.324118597326));
#1690 = CARTESIAN_POINT('',(4.677150809835,57.551641658021,
    3.447556922582));
#1691 = CARTESIAN_POINT('',(4.873486021928,57.551641726033,
    3.509227202267));
#1692 = CARTESIAN_POINT('',(5.069834656699,57.55164179405,3.5092272));
#1693 = CARTESIAN_POINT('',(4.1698347,57.551641482281,2.7592272));
#1694 = CARTESIAN_POINT('',(4.1698347,57.551641482281,2.994845561725));
#1695 = CARTESIAN_POINT('',(4.24383903912,57.551641507917,3.230447817031
    ));
#1696 = CARTESIAN_POINT('',(4.391965035585,57.551641559229,
    3.437096849894));
#1697 = CARTESIAN_POINT('',(4.598614059312,57.551641630815,
    3.585222841138));
#1698 = CARTESIAN_POINT('',(4.834216296998,57.55164171243,3.659227186397
    ));
#1699 = CARTESIAN_POINT('',(5.069834648039,57.55164179405,3.6592272));
#1700 = CARTESIAN_POINT('',(4.1698347,57.401641534243,2.7592272));
#1701 = CARTESIAN_POINT('',(4.1698347,57.401641534243,2.994845575328));
#1702 = CARTESIAN_POINT('',(4.243839046786,57.401641555606,
    3.230447837552));
#1703 = CARTESIAN_POINT('',(4.391965051076,57.401641598366,
    3.437096869954));
#1704 = CARTESIAN_POINT('',(4.598614085456,57.401641658021,
    3.585222861659));
#1705 = CARTESIAN_POINT('',(4.834216338275,57.401641726033,3.6592272));
#1706 = CARTESIAN_POINT('',(5.0698347,57.401641794051,3.6592272));
#1707 = ADVANCED_FACE('',(#1708),#1720,.T.);
#1708 = FACE_BOUND('',#1709,.T.);
#1709 = EDGE_LOOP('',(#1710,#1711,#1712,#1719));
#1710 = ORIENTED_EDGE('',*,*,#1465,.F.);
#1711 = ORIENTED_EDGE('',*,*,#1316,.T.);
#1712 = ORIENTED_EDGE('',*,*,#1713,.T.);
#1713 = EDGE_CURVE('',#1317,#1483,#1714,.T.);
#1714 = CIRCLE('',#1715,0.15);
#1715 = AXIS2_PLACEMENT_3D('',#1716,#1717,#1718);
#1716 = CARTESIAN_POINT('',(-4.412700608885,57.561490319239,-2.7110214)
  );
#1717 = DIRECTION('',(-6.E-17,-0.,-1.));
#1718 = DIRECTION('',(1.,0.,-6.E-17));
#1719 = ORIENTED_EDGE('',*,*,#1482,.F.);
#1720 = TOROIDAL_SURFACE('',#1721,0.75,0.15);
#1721 = AXIS2_PLACEMENT_3D('',#1722,#1723,#1724);
#1722 = CARTESIAN_POINT('',(-5.162700608885,57.561490319239,-2.7110214)
  );
#1723 = DIRECTION('',(0.,-1.,0.));
#1724 = DIRECTION('',(0.,0.,-1.));
#1725 = ADVANCED_FACE('',(#1726),#1732,.T.);
#1726 = FACE_BOUND('',#1727,.F.);
#1727 = EDGE_LOOP('',(#1728,#1729,#1730,#1731));
#1728 = ORIENTED_EDGE('',*,*,#1713,.T.);
#1729 = ORIENTED_EDGE('',*,*,#1603,.T.);
#1730 = ORIENTED_EDGE('',*,*,#1624,.F.);
#1731 = ORIENTED_EDGE('',*,*,#1325,.F.);
#1732 = CYLINDRICAL_SURFACE('',#1733,0.15);
#1733 = AXIS2_PLACEMENT_3D('',#1734,#1735,#1736);
#1734 = CARTESIAN_POINT('',(-4.412700608885,57.561490319239,-2.7110214)
  );
#1735 = DIRECTION('',(0.,2.2E-16,1.));
#1736 = DIRECTION('',(0.,1.,-2.2E-16));
#1737 = ADVANCED_FACE('',(#1738),#1750,.T.);
#1738 = FACE_BOUND('',#1739,.T.);
#1739 = EDGE_LOOP('',(#1740,#1747,#1748,#1749));
#1740 = ORIENTED_EDGE('',*,*,#1741,.T.);
#1741 = EDGE_CURVE('',#1369,#1565,#1742,.T.);
#1742 = CIRCLE('',#1743,0.15);
#1743 = AXIS2_PLACEMENT_3D('',#1744,#1745,#1746);
#1744 = CARTESIAN_POINT('',(4.3198347,57.401641534243,-2.7110214));
#1745 = DIRECTION('',(1.175494350822E-38,-2.2E-16,1.));
#1746 = DIRECTION('',(-3.4641020603E-07,1.,2.2E-16));
#1747 = ORIENTED_EDGE('',*,*,#1662,.T.);
#1748 = ORIENTED_EDGE('',*,*,#1676,.F.);
#1749 = ORIENTED_EDGE('',*,*,#1368,.F.);
#1750 = CYLINDRICAL_SURFACE('',#1751,0.15);
#1751 = AXIS2_PLACEMENT_3D('',#1752,#1753,#1754);
#1752 = CARTESIAN_POINT('',(4.3198347,57.401641534243,-2.7110214));
#1753 = DIRECTION('',(0.,-2.2E-16,1.));
#1754 = DIRECTION('',(-3.4641020603E-07,1.,2.2E-16));
#1755 = ADVANCED_FACE('',(#1756),#1762,.T.);
#1756 = FACE_BOUND('',#1757,.T.);
#1757 = EDGE_LOOP('',(#1758,#1759,#1760,#1761));
#1758 = ORIENTED_EDGE('',*,*,#1546,.T.);
#1759 = ORIENTED_EDGE('',*,*,#1572,.T.);
#1760 = ORIENTED_EDGE('',*,*,#1741,.F.);
#1761 = ORIENTED_EDGE('',*,*,#1411,.F.);
#1762 = ( BOUNDED_SURFACE() B_SPLINE_SURFACE(2,6,(
    (#1763,#1764,#1765,#1766,#1767,#1768,#1769)
    ,(#1770,#1771,#1772,#1773,#1774,#1775,#1776)
    ,(#1777,#1778,#1779,#1780,#1781,#1782,#1783
)),.UNSPECIFIED.,.F.,.F.,.F.) B_SPLINE_SURFACE_WITH_KNOTS((3,3),(7,7),(
    0.,4.71238880718),(62.259971114359,66.972359921539),
.PIECEWISE_BEZIER_KNOTS.) GEOMETRIC_REPRESENTATION_ITEM() 
RATIONAL_B_SPLINE_SURFACE((
    (1.,1.,1.,1.,1.,1.,1.)
    ,(0.707106781187,0.70710681325,0.707106845312,0.707106873433
      ,0.70710689359,0.707106903661,0.707106903661)
,(1.,1.,1.,1.,1.,1.,1.))) REPRESENTATION_ITEM('') SURFACE() );
#1763 = CARTESIAN_POINT('',(5.069834656699,57.55164179405,-3.4610214));
#1764 = CARTESIAN_POINT('',(4.873486021928,57.551641726033,
    -3.461021402267));
#1765 = CARTESIAN_POINT('',(4.677150809835,57.551641658021,
    -3.399351122582));
#1766 = CARTESIAN_POINT('',(4.504943278265,57.551641598366,
    -3.275912797326));
#1767 = CARTESIAN_POINT('',(4.381504938436,57.551641555606,
    -3.103705269159));
#1768 = CARTESIAN_POINT('',(4.319834648039,57.551641534243,
    -2.907370048374));
#1769 = CARTESIAN_POINT('',(4.319834648039,57.551641534243,-2.7110214));
#1770 = CARTESIAN_POINT('',(5.069834648039,57.55164179405,-3.6110214));
#1771 = CARTESIAN_POINT('',(4.834216296998,57.55164171243,
    -3.611021386397));
#1772 = CARTESIAN_POINT('',(4.598614059312,57.551641630815,
    -3.537017041138));
#1773 = CARTESIAN_POINT('',(4.391965035585,57.551641559229,
    -3.388891049894));
#1774 = CARTESIAN_POINT('',(4.24383903912,57.551641507917,
    -3.182242017031));
#1775 = CARTESIAN_POINT('',(4.1698347,57.551641482281,-2.946639761725));
#1776 = CARTESIAN_POINT('',(4.1698347,57.551641482281,-2.7110214));
#1777 = CARTESIAN_POINT('',(5.0698347,57.401641794051,-3.6110214));
#1778 = CARTESIAN_POINT('',(4.834216338275,57.401641726033,-3.6110214));
#1779 = CARTESIAN_POINT('',(4.598614085456,57.401641658021,
    -3.537017061659));
#1780 = CARTESIAN_POINT('',(4.391965051076,57.401641598366,
    -3.388891069954));
#1781 = CARTESIAN_POINT('',(4.243839046786,57.401641555606,
    -3.182242037552));
#1782 = CARTESIAN_POINT('',(4.1698347,57.401641534243,-2.946639775328));
#1783 = CARTESIAN_POINT('',(4.1698347,57.401641534243,-2.7110214));
#1784 = ( GEOMETRIC_REPRESENTATION_CONTEXT(3) 
GLOBAL_UNCERTAINTY_ASSIGNED_CONTEXT((#1788)) 
GLOBAL_UNIT_ASSIGNED_CONTEXT((#1785,#1786,#1787)) REPRESENTATION_CONTEXT
('Context #1','3D Context with UNIT and UNCERTAINTY') );
#1785 = ( LENGTH_UNIT() NAMED_UNIT(*) SI_UNIT(.MILLI.,.METRE.) );
#1786 = ( NAMED_UNIT(*) PLANE_ANGLE_UNIT() SI_UNIT($,.RADIAN.) );
#1787 = ( NAMED_UNIT(*) SI_UNIT($,.STERADIAN.) SOLID_ANGLE_UNIT() );
#1788 = UNCERTAINTY_MEASURE_WITH_UNIT(LENGTH_MEASURE(5.E-06),#1785,
  'distance_accuracy_value','confusion accuracy');
#1789 = PRODUCT_RELATED_PRODUCT_CATEGORY('part',$,(#7));
#1790 = MECHANICAL_DESIGN_GEOMETRIC_PRESENTATION_REPRESENTATION('',(
    #1791),#1784);
#1791 = STYLED_ITEM('color',(#1792),#15);
#1792 = PRESENTATION_STYLE_ASSIGNMENT((#1793,#1799));
#1793 = SURFACE_STYLE_USAGE(.BOTH.,#1794);
#1794 = SURFACE_SIDE_STYLE('',(#1795));
#1795 = SURFACE_STYLE_FILL_AREA(#1796);
#1796 = FILL_AREA_STYLE('',(#1797));
#1797 = FILL_AREA_STYLE_COLOUR('',#1798);
#1798 = COLOUR_RGB('',0.447058818107,0.474509808674,0.501960817233);
#1799 = CURVE_STYLE('',#1800,POSITIVE_LENGTH_MEASURE(0.1),#1801);
#1800 = DRAUGHTING_PRE_DEFINED_CURVE_FONT('continuous');
#1801 = COLOUR_RGB('',9.803921802644E-02,9.803921802644E-02,
  9.803921802644E-02);
ENDSEC;
END-ISO-10303-21;
